source_doc,source_prov,kind,cited_ref,cited_doc,cited_prov,cited_in_corpus,count,source_text
ASEAN_Guide_AI_Governance_Ethics_2024,Bagian 9,named,UNESCO Recommendation on AI Ethics,UNESCO_Recommendation_on_AI_Ethics_2021,,True,1,"Also, the ASEAN Digital Masterplan 2025 (ADM2025) developed by ASEAN Member States (“AMS”) envisions ASEAN as a leading digital community and economic bloc, powered by secure and transformative digital services, technologies, and ecosystem. In that context, the ADM2025 has identified Enabling Action (EA) 2.7 that suggests the development and adoption of a regional policy to deliver best practice guidance on AI governance and ethics. In recent years, governments and international organisations have begun issuing principles, frameworks and recommendations on AI ethics and governance. Examples include Singapore’s Model AI Governance Framework1 and OECD’s Recommendation of the Council on AI2. However, there has not yet been an intergovernmental common standard for AI that defines the principles of AI governance and provides guidance for policymakers in the region to utilise AI systems in a responsible and ethical manner. In the process of drafting this Guide, existing AI governance frameworks and guidelines such as UNESCO’s Recommendation on the Ethics of Artificial Intelligence3 and EU’"
ASEAN_Guide_AI_Governance_Ethics_2024,Bagian 10,named,OECD AI Principles,OECD_AI_Principles_2024,,True,1,"s Ethics Guidelines for Trustworthy AI were referenced4. The ASEAN Guide on AI Governance and Ethics aims to empower organisations and governments in the region to design, develop, and deploy traditional AI systems responsibly and increase users’ trust in AI. 1 Infocomm Media Development Authority, “Model Artificial Intelligence Governance Framework Second Edition” (21 January 2020) < https://www.pdpc.gov.sg/-/media/files/pdpc/pdf-files/resource-for-organisation/ai/sgmodelaigovframework2.pdf > 2 Organisation for Economic Co-operation and Development, “Recommendation of the Council on Artificial Intelligence” (22 May 2019) < https://legalinstruments.oecd.org/en/instruments/OECD-LEGAL-0449 > 3 United Nations Educational, Scientific and Cultural Organisation, “Recommendation on the Ethics of Artificial Intelligence” (23 November 2021) < https://unesdoc.unesco.org/ark:/48223/pf0000381137 > 4 European Commission “Ethics Guidelines for Trustworthy AI” < https://digital-strategy.ec.europa.eu/en/library/ethics-guidelines-trustworthy-ai > (8 April 2019) 7"
ASEAN_Guide_AI_Governance_Ethics_2024,Bagian 10,named,UNESCO Recommendation on AI Ethics,UNESCO_Recommendation_on_AI_Ethics_2021,,True,1,"s Ethics Guidelines for Trustworthy AI were referenced4. The ASEAN Guide on AI Governance and Ethics aims to empower organisations and governments in the region to design, develop, and deploy traditional AI systems responsibly and increase users’ trust in AI. 1 Infocomm Media Development Authority, “Model Artificial Intelligence Governance Framework Second Edition” (21 January 2020) < https://www.pdpc.gov.sg/-/media/files/pdpc/pdf-files/resource-for-organisation/ai/sgmodelaigovframework2.pdf > 2 Organisation for Economic Co-operation and Development, “Recommendation of the Council on Artificial Intelligence” (22 May 2019) < https://legalinstruments.oecd.org/en/instruments/OECD-LEGAL-0449 > 3 United Nations Educational, Scientific and Cultural Organisation, “Recommendation on the Ethics of Artificial Intelligence” (23 November 2021) < https://unesdoc.unesco.org/ark:/48223/pf0000381137 > 4 European Commission “Ethics Guidelines for Trustworthy AI” < https://digital-strategy.ec.europa.eu/en/library/ethics-guidelines-trustworthy-ai > (8 April 2019) 7"
ASEAN_Guide_AI_Governance_Ethics_2024,Bagian 58,named,NIST AI Risk Management Framework,,,False,1,"To determine the level of risk and the category of human involvement required in AI-augmented decision- making, developers and deployers can evaluate AI solutions along two axes – the probability and the severity of harm to users and individuals involved in the AI system lifecycle. The definition of “harm” and the computation of probability and severity will depend on the context, varying from sector to sector. m r a H f o y t i r e v e S High severity Low probability Low severity Low probability High severity High probability Low severity High probability Probability of Harm 11 Personal Data Protection Commission Singapore, “Implementation and Self-Assessment Guide for Organisations” (January 2020) < https://www.pdpc.gov.sg/-/media/files/pdpc/pdf-files/resource-for-organisation/ai/sgisago.pdf > 12 National Institute of Standards and Technology, “NIST AI RMF Playbook” < https://airc.nist.gov/AI_RMF_Knowledge_Base/Playbook > 24 ASEAN Guide on AI Governance and Ethics"
EU_AI_Act_2024,Article 9,named,GDPR (EU 2016/679),,,False,1,"(1) of Regulation (EU) 2016/679, the use of remote biometric identification for purposes other than law enforcement has already been subject to prohibition decisions by national data protection authorities. In accordance with Article 6a of Protocol No 21 on the position of the United Kingdom and Ireland in respect of the area of freedom, security and justice, as annexed to the TEU and to the TFEU, Ireland is not bound by the rules laid down in"
G7_Hiroshima_Code_of_Conduct_for_AI,Bagian 1,named,OECD AI Principles,OECD_AI_Principles_2024,,True,1,"Hiroshima Process International Code of Conduct for Organizations Developing Advanced AI Systems On the basis of the International Guiding Principles for Organizations Developing Advanced AI systems, the International Code of Conduct for Organizations Developing Advanced AI Systems aims to promote safe, secure, and trustworthy AI worldwide and will provide voluntary guidance for actions by organizations developing the most advanced AI systems, including the most advanced foundation models and generative AI systems (henceforth ""advanced AI systems""). Organizations should follow these actions in line with a risk-based approach. Organizations that may endorse this Code of Conduct may include, among others, entities from academia, civil society, the private sector, and/or the public sector. This non-exhaustive list of actions is discussed and elaborated as a living document to build on the existing OECD AI Principles in response to the recent developments in advanced AI systems and is meant to help seize the benefits and address the risks and challenges"
G7_Hiroshima_Code_of_Conduct_for_AI,Bagian 1,named,"UNGA Res 78/265 (Safe, Secure, Trustworthy AI)",UNGA_Res_78_265_Safe_Secure_Trustworthy_AI,,True,1,"Hiroshima Process International Code of Conduct for Organizations Developing Advanced AI Systems On the basis of the International Guiding Principles for Organizations Developing Advanced AI systems, the International Code of Conduct for Organizations Developing Advanced AI Systems aims to promote safe, secure, and trustworthy AI worldwide and will provide voluntary guidance for actions by organizations developing the most advanced AI systems, including the most advanced foundation models and generative AI systems (henceforth ""advanced AI systems""). Organizations should follow these actions in line with a risk-based approach. Organizations that may endorse this Code of Conduct may include, among others, entities from academia, civil society, the private sector, and/or the public sector. This non-exhaustive list of actions is discussed and elaborated as a living document to build on the existing OECD AI Principles in response to the recent developments in advanced AI systems and is meant to help seize the benefits and address the risks and challenges"
G7_Hiroshima_Code_of_Conduct_for_AI,Bagian 15,named,Sustainable Development Goals (2030 Agenda),,,False,1,"such as prioritizing research on upholding democratic values, respecting human rights, protecting children and vulnerable groups, safeguarding intellectual property rights and privacy, and avoiding harmful bias, mis- and disinformation, and information manipulation. Organizations also commit to invest in developing appropriate mitigation tools, and work to proactively manage the risks of advanced AI systems, including environmental and climate impacts, so that their benefits can be realized. Organizations are encouraged to share research and best practices on risk mitigation. 9 Prioritize the development of advanced AI systems to address the world’s greatest challenges, notably but not limited to the climate crisis, global health and education These efforts are undertaken in support of progress on the United Nations Sustainable Development Goals, and to encourage AI development for global benefit. Organizations should prioritize responsible stewardship of trustworthy and human-centric AI and also support digital literacy initiatives that promote the education and training of the 7"
ISO_IEC_42001_AI_Management_System,Bagian 4,named,GDPR (EU 2016/679),,,False,1,"AI systems, particularly in algorithmic decision-making processes, can lead to ethical challenges. Biased datasets, unfair outcomes and privacy violations are among the primary concerns. ISO/IEC 42001:2023 provides companies with a framework for designing and implementing AI systems in accordance with ethical principles. This framework specifically emphasizes the following aspects. • Algorithmic Transparency: Ensuring that AI models are understandable enhances the traceability of decision-making processes [1]. • Fair Decision-Making: Ensures that algorithms do not discriminate based on factors such as gender, race, or socio-economic status [2]. • Data Privacy: The protection of personal data and compliance with regulations such as GDPR are fundamental elements of ISO/IEC 42001:2023 [3]."
ISO_IEC_42001_AI_Management_System,Bagian 11,named,GDPR (EU 2016/679),,,False,1,"Data Security and Information Management: The success of AI systems largely depends on the quality and security of data. ISO/IEC 42001:2023 provides guidance for structuring data management processes. Within the scope of data privacy, data used in AI applications must be anonymized, encrypted and processed in compliance with international regulations (e.g., GDPR) [5]. Regarding information security, AI algorithms should be protected against cyberattacks and data manipulation by integrating with information security management systems (e.g., ISO/IEC 27001:2022) [6]. Transparency and accountability ensure that AI system decision-making processes are clearly documented and traceable, thereby securing user and stakeholder trust."
ISO_IEC_42001_AI_Management_System,Bagian 13,named,EU AI Act,EU_AI_Act_2024,,True,2,"Regulatory Compliance and Legal Framework: With increasing legal oversight and regulations on AI applications, ISO/IEC 42001:2023 facilitates companies’ compliance with these regulations. Regulatory texts such as the European Union’s Artificial Intelligence Act (AI Act) [8] mandate the ethical and fair use of AI systems. As an integrated management system, ISO/IEC 42001:2023 works in conjunction with information security standards like ISO/IEC 27001:2022 to minimize legal risks. By reducing legal risks, companies can avoid legal sanctions and protect their reputations through adherence to these standards."
ISO_IEC_42001_AI_Management_System,Bagian 26,named,GDPR (EU 2016/679),,,False,1,"Regulatory Compliance and Legal Uncertainties: ISO/IEC 42001:2023 requires AI systems to comply with local and international regulations [8, 16]. Challenges arise from rapidly evolving regulations and the need to comply with multiple jurisdictions. While AI technologies advance quickly, regulatory frameworks often lag, creating legal uncertainties for organizations. Companies operating globally must navigate diverse regulatory environments, especially concerning data privacy and algorithmic transparency. The EU’s GDPR and the recently enforced AI Act are prime examples of regulations organizations must address to ensure compliance."
ISO_IEC_42001_AI_Management_System,Bagian 26,named,EU AI Act,EU_AI_Act_2024,,True,1,"Regulatory Compliance and Legal Uncertainties: ISO/IEC 42001:2023 requires AI systems to comply with local and international regulations [8, 16]. Challenges arise from rapidly evolving regulations and the need to comply with multiple jurisdictions. While AI technologies advance quickly, regulatory frameworks often lag, creating legal uncertainties for organizations. Companies operating globally must navigate diverse regulatory environments, especially concerning data privacy and algorithmic transparency. The EU’s GDPR and the recently enforced AI Act are prime examples of regulations organizations must address to ensure compliance."
OECD_AI_Principles_2024,Bagian 3,named,G20 AI Principles,,,False,1,"The Recommendation on Artificial Intelligence (AI) (hereafter the “Recommendation”) – the first intergovernmental standard on AI – was adopted by the OECD Council meeting at Ministerial level on 22 May 2019 on the proposal of the Digital Policy Committee (DPC, formerly the Committee on Digital Economy Policy, CDEP). The Recommendation aims to foster innovation and trust in AI by promoting the responsible stewardship of trustworthy AI while ensuring respect for human rights and democratic values. In June 2019, at the Osaka Summit, G20 Leaders welcomed the G20 AI Principles, drawn from the Recommendation."
OECD_AI_Principles_2024,Bagian 17,named,Council of Europe Framework Convention on AI,Council_of_Europe_Framework_Convention_on_AI_CETS225,,True,1,"In addition to reporting to the Council on the implementation of the Recommendation, the DPC is also instructed to continue its work on AI, building on this Recommendation, and taking into account work in other international fora, such as UNESCO, the European Union, the Council of Europe and the initiative to build an International Panel on AI (see https://pm.gc.ca/eng/news/2018/12/06/mandate- international-panel-artificial- intelligence and https://www.gouvernement.fr/en/france-and-canada- create-new-expert-international-panel-on- artificial-intelligence). In order to support implementation of the Recommendation, the Council instructed the DPC to develop practical guidance for implementation, to provide a forum for exchanging information on AI policy and activities, and to foster multi-stakeholder and interdisciplinary dialogue."
OECD_AI_Principles_2024,Bagian 20,named,Universal Declaration of Human Rights,,,False,1,"OECD/LEGAL/0449_____________________________________________________________________________________________6 THE COUNCIL, HAVING REGARD to Article 5 b) of the Convention on the Organisation for Economic Co-operation and Development of 14 December 1960; HAVING REGARD to standards developed by the OECD in the areas of privacy, digital security, consumer protection and responsible business conduct; HAVING REGARD to the Sustainable Development Goals set out in the 2030 Agenda for Sustainable Development adopted by the United Nations General Assembly (A/RES/70/1) as well as the 1948 Universal Declaration of Human Rights; HAVING REGARD to the important work being carried out on artificial intelligence (hereafter, “AI”) in other international governmental and non-governmental fora; RECOGNISING that AI has pervasive, far-reaching and global implications that are transforming societies, economic sectors and the world of work, and are likely to increasingly do so in the future;"
OECD_AI_Principles_2024,Bagian 20,named,Sustainable Development Goals (2030 Agenda),,,False,2,"OECD/LEGAL/0449_____________________________________________________________________________________________6 THE COUNCIL, HAVING REGARD to Article 5 b) of the Convention on the Organisation for Economic Co-operation and Development of 14 December 1960; HAVING REGARD to standards developed by the OECD in the areas of privacy, digital security, consumer protection and responsible business conduct; HAVING REGARD to the Sustainable Development Goals set out in the 2030 Agenda for Sustainable Development adopted by the United Nations General Assembly (A/RES/70/1) as well as the 1948 Universal Declaration of Human Rights; HAVING REGARD to the important work being carried out on artificial intelligence (hereafter, “AI”) in other international governmental and non-governmental fora; RECOGNISING that AI has pervasive, far-reaching and global implications that are transforming societies, economic sectors and the world of work, and are likely to increasingly do so in the future;"
POJK_No3_2024_Inovasi_Teknologi_Keuangan,Pasal 9,pasal_internal,Pasal 2,POJK_No3_2024_Inovasi_Teknologi_Keuangan,Pasal 2,True,1,"(1) Calon Peserta yang akan melakukan kegiatan dalam ruang lingkup sebagaimana dimaksud dalam Pasal 2 dan bermaksud mengikuti Sandbox harus mengajukan permohonan menjadi Peserta kepada Otoritas Jasa Keuangan. (2) Calon Peserta yang merupakan LJK sebagaimana dimaksud dalam Pasal 8 ayat (1) huruf a harus mendapatkan rekomendasi dari pengawas terkait di Otoritas Jasa Keuangan. (3) Otoritas Jasa Keuangan berwenang mewajibkan pihak yang menyelenggarakan ITSK sebagaimana dimaksud dalam Pasal 3 ayat (1) untuk mengajukan permohonan menjadi Peserta kepada Otoritas Jasa Keuangan. (4) Permohonan sebagaimana dimaksud pada ayat (1) dan ayat (3) harus disertai dengan formulir permohonan mengikuti Sandbox, Rencana Pengujian, dan dokumen pendukung. (5) Rencana Pengujian sebagaimana dimaksud pada ayat c. b. (4) paling sedikit mencakup: a. penjelasan atas inovasi produk, aktivitas, layanan, dan/atau model bisnis yang akan diuji coba dan dikembangkan; identifikasi potensi risiko atas inovasi produk, aktivitas, layanan, dan/atau model bisnis yang akan diuji coba dan dikembangkan; rencana implementasi mitigasi risiko atas potensi risiko sebagaimana dimaksud dalam huruf b; d. batasan pelaksanaan uji coba dan pengembangan inovasi yang mencakup jangka waktu pengujian yang dibutuhkan, target dan profil Konsumen, jumlah Konsumen, mitra uji coba dan pengembangan, jumlah transaksi, dan batasan lainnya yang dapat diukur; kerangka Pelindungan Konsumen yang mencakup paling sedikit layanan pengaduan Konsumen dan mekanisme ganti rugi; kesiapan permodalan dan sumber daya untuk melakukan uji coba dan pengemb"
POJK_No3_2024_Inovasi_Teknologi_Keuangan,Pasal 9,pasal_internal,Pasal 8 ayat (1) huruf a,POJK_No3_2024_Inovasi_Teknologi_Keuangan,Pasal 8,True,1,"(1) Calon Peserta yang akan melakukan kegiatan dalam ruang lingkup sebagaimana dimaksud dalam Pasal 2 dan bermaksud mengikuti Sandbox harus mengajukan permohonan menjadi Peserta kepada Otoritas Jasa Keuangan. (2) Calon Peserta yang merupakan LJK sebagaimana dimaksud dalam Pasal 8 ayat (1) huruf a harus mendapatkan rekomendasi dari pengawas terkait di Otoritas Jasa Keuangan. (3) Otoritas Jasa Keuangan berwenang mewajibkan pihak yang menyelenggarakan ITSK sebagaimana dimaksud dalam Pasal 3 ayat (1) untuk mengajukan permohonan menjadi Peserta kepada Otoritas Jasa Keuangan. (4) Permohonan sebagaimana dimaksud pada ayat (1) dan ayat (3) harus disertai dengan formulir permohonan mengikuti Sandbox, Rencana Pengujian, dan dokumen pendukung. (5) Rencana Pengujian sebagaimana dimaksud pada ayat c. b. (4) paling sedikit mencakup: a. penjelasan atas inovasi produk, aktivitas, layanan, dan/atau model bisnis yang akan diuji coba dan dikembangkan; identifikasi potensi risiko atas inovasi produk, aktivitas, layanan, dan/atau model bisnis yang akan diuji coba dan dikembangkan; rencana implementasi mitigasi risiko atas potensi risiko sebagaimana dimaksud dalam huruf b; d. batasan pelaksanaan uji coba dan pengembangan inovasi yang mencakup jangka waktu pengujian yang dibutuhkan, target dan profil Konsumen, jumlah Konsumen, mitra uji coba dan pengembangan, jumlah transaksi, dan batasan lainnya yang dapat diukur; kerangka Pelindungan Konsumen yang mencakup paling sedikit layanan pengaduan Konsumen dan mekanisme ganti rugi; kesiapan permodalan dan sumber daya untuk melakukan uji coba dan pengemb"
POJK_No3_2024_Inovasi_Teknologi_Keuangan,Pasal 9,pasal_internal,Pasal 3 ayat (1),POJK_No3_2024_Inovasi_Teknologi_Keuangan,Pasal 3,True,1,"(1) Calon Peserta yang akan melakukan kegiatan dalam ruang lingkup sebagaimana dimaksud dalam Pasal 2 dan bermaksud mengikuti Sandbox harus mengajukan permohonan menjadi Peserta kepada Otoritas Jasa Keuangan. (2) Calon Peserta yang merupakan LJK sebagaimana dimaksud dalam Pasal 8 ayat (1) huruf a harus mendapatkan rekomendasi dari pengawas terkait di Otoritas Jasa Keuangan. (3) Otoritas Jasa Keuangan berwenang mewajibkan pihak yang menyelenggarakan ITSK sebagaimana dimaksud dalam Pasal 3 ayat (1) untuk mengajukan permohonan menjadi Peserta kepada Otoritas Jasa Keuangan. (4) Permohonan sebagaimana dimaksud pada ayat (1) dan ayat (3) harus disertai dengan formulir permohonan mengikuti Sandbox, Rencana Pengujian, dan dokumen pendukung. (5) Rencana Pengujian sebagaimana dimaksud pada ayat c. b. (4) paling sedikit mencakup: a. penjelasan atas inovasi produk, aktivitas, layanan, dan/atau model bisnis yang akan diuji coba dan dikembangkan; identifikasi potensi risiko atas inovasi produk, aktivitas, layanan, dan/atau model bisnis yang akan diuji coba dan dikembangkan; rencana implementasi mitigasi risiko atas potensi risiko sebagaimana dimaksud dalam huruf b; d. batasan pelaksanaan uji coba dan pengembangan inovasi yang mencakup jangka waktu pengujian yang dibutuhkan, target dan profil Konsumen, jumlah Konsumen, mitra uji coba dan pengembangan, jumlah transaksi, dan batasan lainnya yang dapat diukur; kerangka Pelindungan Konsumen yang mencakup paling sedikit layanan pengaduan Konsumen dan mekanisme ganti rugi; kesiapan permodalan dan sumber daya untuk melakukan uji coba dan pengemb"
POJK_No3_2024_Inovasi_Teknologi_Keuangan,Pasal 10,pasal_internal,Pasal 9 ayat (5),POJK_No3_2024_Inovasi_Teknologi_Keuangan,Pasal 9,True,2,"(1) Kriteria kelayakan inovasi untuk mengikuti Sandbox meliputi: a. inovasi yang memiliki cakupan ruang lingkup pada sektor jasa keuangan yang akan digunakan oleh Konsumen, mitra, dan/atau masyarakat di Indonesia; inovasi yang memenuhi unsur kebaruan dan/atau memiliki unsur pembeda signifikan dengan yang telah dilakukan sebelumnya di sektor keuangan; inovasi yang memberikan manfaat, meningkatkan pelayanan, dan memberikan nilai tambah kepada Konsumen, masyarakat, dan/atau ekosistem sektor keuangan; inovasi yang telah siap untuk dilakukan pengujian dan pengembangan; inovasi yang memerlukan dukungan uji coba dan pengembangan, dilakukan pengaturan dan pengawasan sebelumnya dalam ketentuan yang berlaku di sektor keuangan; dan kriteria lain yang ditetapkan oleh Otoritas Jasa Keuangan. belum serta b. c. d. e. f. kriteria kelayakan (2) Otoritas Jasa Keuangan memberikan persetujuan atau penolakan permohonan menjadi Peserta dengan memerhatikan sebagaimana dimaksud pada ayat (1) dan Rencana Pengujian sebagaimana dimaksud dalam Pasal 9 ayat (5) serta pertimbangan lain dari Otoritas Jasa Keuangan. (3) Persetujuan atau penolakan sebagaimana dimaksud pada ayat (2) dilakukan setelah dokumen sebagaimana dimaksud dalam Pasal 9 ayat (4) diterima dengan lengkap. (4) Persetujuan atau penolakan sebagaimana dimaksud pada ayat (2) disampaikan kepada calon Peserta melalui surat yang diterbitkan oleh Otoritas Jasa Keuangan. (5) Persetujuan untuk mengikuti Sandbox bukan merupakan izin usaha untuk melakukan operasional bisnis secara penuh di sektor jasa keuangan. (6) Ketentuan lebih mengenai kr"
POJK_No3_2024_Inovasi_Teknologi_Keuangan,Pasal 11,pasal_internal,Pasal 10 ayat (2),POJK_No3_2024_Inovasi_Teknologi_Keuangan,Pasal 10,True,1,"(1) Proses uji coba dan pengembangan inovasi dalam Sandbox dimulai sejak diberikannya persetujuan menjadi Peserta oleh Otoritas Jasa Keuangan sebagaimana dimaksud dalam Pasal 10 ayat (2). (2) Peserta sebagaimana dimaksud pada ayat (1) wajib melakukan uji coba dan pengembangan inovasi sesuai Rencana Pengujian yang disampaikan kepada Otoritas Jasa Keuangan. (3) Peserta sebagaimana dimaksud pada ayat (1) wajib memenuhi ketentuan: a. memberitahukan kepada Otoritas Jasa Keuangan setiap terdapat perubahan yang terkait dengan ITSK dan Peserta; b. membuka setiap informasi dan/atau dokumen yang berkaitan dengan pelaksanaan Sandbox kepada Otoritas Jasa Keuangan; dan c. mengikuti setiap kegiatan yang berkaitan dengan pelaksanaan Sandbox. (4) Peserta sebagaimana dimaksud pada ayat (1) dapat: a. mengikuti setiap pelaksanaan koordinasi dan kerjasama dengan otoritas, kementerian, lembaga, dan pihak lainnya yang berkaitan dengan pelaksanaan Sandbox; dan b. melakukan koordinasi dan/atau kerja sama lainnya yang dengan LJK dan/atau pihak berkaitan dengan pelaksanaan Sandbox di bawah koordinasi Otoritas Jasa Keuangan. (5) Peserta sebagaimana dimaksud pada ayat (1) wajib menyampaikan laporan hasil pelaksanaan uji coba dan pengembangan inovasi sebagaimana dimaksud pada ayat (2) secara berkala dan/atau sewaktu-waktu kepada Otoritas Jasa Keuangan. (6) Otoritas Jasa Keuangan melakukan pemantauan atas laporan yang disampaikan oleh Peserta sebagaimana dimaksud pada ayat (5). (7) Pemantauan sebagaimana dimaksud pada ayat (6) dilakukan secara: a. b. c. metode pemantauan lainnya. tidak langsung; langsun"
POJK_No3_2024_Inovasi_Teknologi_Keuangan,Pasal 13,pasal_internal,Pasal 10 ayat (2),POJK_No3_2024_Inovasi_Teknologi_Keuangan,Pasal 10,True,2,"(1) Pelaksanaan uji coba dan pengembangan inovasi dalam Sandbox dilaksanakan dalam jangka waktu paling lama 1 (satu) tahun sejak persetujuan diberikan oleh Otoritas Jasa Keuangan sebagaimana dimaksud dalam Pasal 10 ayat (2). (2) Otoritas Jasa Keuangan berwenang menetapkan jangka waktu uji coba dan pengembangan inovasi yang berbeda dari jangka waktu sebagaimana dimaksud pada ayat (1). (3) Otoritas Jasa Keuangan berwenang menghentikan proses uji coba dan pengembangan inovasi sebelum jangka waktu sebagaimana dimaksud pada ayat (1) dan ayat (2) berakhir, apabila terdapat ketidaksesuaian dengan kriteria sebagaimana dimaksud dalam Pasal 10 ayat (1). (4) Peserta wajib menyampaikan akhir pelaksanaan uji coba dan pengembangan inovasi paling lambat 20 (dua puluh) hari kerja sebelum jangka waktu uji coba dan pengembangan inovasi sebagaimana dimaksud pada ayat (1) atau ayat (2) berakhir. laporan (5) Laporan akhir sebagaimana dimaksud pada ayat (4) paling sedikit mencakup: a. hasil uji coba dan pengembangan atas skenario uji coba dan pengembangan inovasi sebagaimana dimaksud dalam Pasal 9 ayat (5) huruf h; b. pemenuhan indikator kinerja utama sebagaimana c. dimaksud dalam Pasal 9 ayat (5) huruf i; identifikasi atas uji coba dan pengembangan inovasi yang gagal dan insiden yang terjadi selama uji coba dan pengembangan; d. asesmen kepatuhan Peserta atas ketentuan e. peraturan perundang-undangan; dan rencana tindak Peserta setelah berakhirnya jangka waktu uji coba dan pengembangan. (6) Ketentuan lebih laporan akhir pelaksanaan uji coba dan pengembangan inovasi ditetapkan oleh Otorita"
POJK_No3_2024_Inovasi_Teknologi_Keuangan,Pasal 13,pasal_internal,Pasal 9 ayat (5) huruf h,POJK_No3_2024_Inovasi_Teknologi_Keuangan,Pasal 9,True,2,"(1) Pelaksanaan uji coba dan pengembangan inovasi dalam Sandbox dilaksanakan dalam jangka waktu paling lama 1 (satu) tahun sejak persetujuan diberikan oleh Otoritas Jasa Keuangan sebagaimana dimaksud dalam Pasal 10 ayat (2). (2) Otoritas Jasa Keuangan berwenang menetapkan jangka waktu uji coba dan pengembangan inovasi yang berbeda dari jangka waktu sebagaimana dimaksud pada ayat (1). (3) Otoritas Jasa Keuangan berwenang menghentikan proses uji coba dan pengembangan inovasi sebelum jangka waktu sebagaimana dimaksud pada ayat (1) dan ayat (2) berakhir, apabila terdapat ketidaksesuaian dengan kriteria sebagaimana dimaksud dalam Pasal 10 ayat (1). (4) Peserta wajib menyampaikan akhir pelaksanaan uji coba dan pengembangan inovasi paling lambat 20 (dua puluh) hari kerja sebelum jangka waktu uji coba dan pengembangan inovasi sebagaimana dimaksud pada ayat (1) atau ayat (2) berakhir. laporan (5) Laporan akhir sebagaimana dimaksud pada ayat (4) paling sedikit mencakup: a. hasil uji coba dan pengembangan atas skenario uji coba dan pengembangan inovasi sebagaimana dimaksud dalam Pasal 9 ayat (5) huruf h; b. pemenuhan indikator kinerja utama sebagaimana c. dimaksud dalam Pasal 9 ayat (5) huruf i; identifikasi atas uji coba dan pengembangan inovasi yang gagal dan insiden yang terjadi selama uji coba dan pengembangan; d. asesmen kepatuhan Peserta atas ketentuan e. peraturan perundang-undangan; dan rencana tindak Peserta setelah berakhirnya jangka waktu uji coba dan pengembangan. (6) Ketentuan lebih laporan akhir pelaksanaan uji coba dan pengembangan inovasi ditetapkan oleh Otorita"
POJK_No3_2024_Inovasi_Teknologi_Keuangan,Pasal 15,pasal_internal,Pasal 14 ayat (2) huruf a,POJK_No3_2024_Inovasi_Teknologi_Keuangan,Pasal 14,True,2,"(1) Otoritas Jasa Keuangan menyampaikan surat lulus kepada Peserta yang dinyatakan lulus sebagaimana dimaksud dalam Pasal 14 ayat (2) huruf a. (2) Peserta yang dinyatakan lulus sebagaimana dimaksud dalam Pasal 14 ayat (2) huruf a harus mengajukan izin usaha kepada Otoritas Jasa Keuangan dalam masa berlaku surat lulus. (3) Surat lulus sebagaimana dimaksud pada ayat (2) berlaku 6 (enam) bulan dan dapat diperpanjang berdasarkan pertimbangan Otoritas Jasa Keuangan. (4) Peserta tetap dapat melakukan kegiatan operasional bisnis terbatas sebagaimana dalam batasan Sandbox lulus sebagaimana selama masa berlaku surat dimaksud pada ayat (3). (5) Surat lulus sebagaimana dimaksud pada ayat (1) bukan merupakan izin usaha untuk melakukan operasional bisnis secara penuh di sektor jasa keuangan. (6) Dalam hal Peserta sebagaimana dimaksud pada ayat (2) tidak mengajukan permohonan izin usaha sebagaimana dimaksud pada ayat (2) hingga melewati masa berlaku surat lulus dan tidak diperpanjang oleh Otoritas Jasa Keuangan, status lulus dengan sendirinya berakhir dan dinyatakan tidak berlaku. (7) Apabila masa berlaku surat lulus sebagaimana dimaksud pada ayat (3) telah berakhir, dan Peserta belum mengajukan izin usaha kepada Otoritas Jasa Keuangan, Peserta wajib: a. menghentikan kegiatan operasional bisnis, inovasi produk, aktivitas, dan layanan yang menggunakan model bisnis yang diuji coba dan dikembangkan dalam Sandbox; b. menyelesaikan seluruh kewajibannya kepada Konsumen dan pihak lainnya; dan c. menjalankan exit policy yang tercantum dalam Rencana Pengujian sebagaimana dimaksud dalam"
POJK_No3_2024_Inovasi_Teknologi_Keuangan,Pasal 16,pasal_internal,Pasal 14 ayat (2) huruf a,POJK_No3_2024_Inovasi_Teknologi_Keuangan,Pasal 14,True,1,(1) Otoritas Jasa Keuangan dapat menentukan Peserta yang lulus sebagaimana dimaksud dalam Pasal 14 ayat (2) huruf a untuk melakukan pendaftaran sebelum mengajukan izin usaha berdasarkan pertimbangan yang dilakukan oleh Otoritas Jasa Keuangan. (2) Peserta sebagaimana dimaksud pada ayat (1) wajib menyampaikan dokumen paling sedikit terkait aspek: a. kelembagaan dan tata kelola; b. model bisnis; c. d. kemitraan. teknologi informasi; dan (3) Pihak yang memiliki jenis ITSK yang sama dengan jenis ITSK Peserta sebagaimana dimaksud pada ayat (1) mempunyai hak yang sama untuk mengajukan permohonan pendaftaran kepada Otoritas Jasa Keuangan. (4) Ketentuan mengenai mekanisme pendaftaran ditetapkan oleh Otoritas Jasa Keuangan.
POJK_No3_2024_Inovasi_Teknologi_Keuangan,Pasal 19,pasal_internal,Pasal 11 ayat (2),POJK_No3_2024_Inovasi_Teknologi_Keuangan,Pasal 11,True,1,"(1) Pelanggaran terhadap ketentuan sebagaimana dimaksud dalam Pasal 11 ayat (2), ayat (3), ayat (5),"
POJK_No3_2024_Inovasi_Teknologi_Keuangan,Pasal 20,pasal_internal,Pasal 15 ayat (2),POJK_No3_2024_Inovasi_Teknologi_Keuangan,Pasal 15,True,1,(1) Pihak yang memiliki jenis ITSK yang sama dengan jenis ITSK Peserta sebagaimana dimaksud dalam Pasal 15 ayat (2) mempunyai hak yang sama untuk mengajukan permohonan izin usaha kepada Otoritas Jasa Keuangan. (2) Otoritas Jasa Keuangan memberikan surat izin usaha bagi Peserta sebagaimana dimaksud pada ayat (1) dan
POJK_No3_2024_Inovasi_Teknologi_Keuangan,Pasal 22,pasal_internal,Pasal 21 ayat (2),POJK_No3_2024_Inovasi_Teknologi_Keuangan,Pasal 21,True,1,"(1) Pelanggaran terhadap ketentuan sebagaimana dimaksud dalam Pasal 21 ayat (2) dan/atau ayat (3) dikenakan sanksi administratif berupa: a. peringatan tertulis; b. penghentian sementara, sebagian, atau seluruh kegiatan termasuk pelaksanaan kerja sama; pembatalan persetujuan; c. d. pembatalan pendaftaran; dan/atau e. pencabutan izin. (2) Sanksi administratif sebagaimana dimaksud pada ayat (1) huruf b sampai dengan huruf e dapat dikenakan dengan atau tanpa didahului pengenaan sanksi administratif berupa peringatan tertulis sebagaimana dimaksud pada ayat (1) huruf a. BAB VI PENGAWASAN, EVALUASI, DAN PEMANTAUAN Bagian Kesatu Pengawasan oleh Otoritas Jasa Keuangan"
POJK_No3_2024_Inovasi_Teknologi_Keuangan,Pasal 27,pasal_internal,Pasal 26 ayat (1),POJK_No3_2024_Inovasi_Teknologi_Keuangan,Pasal 26,True,1,"(1) Pelanggaran terhadap ketentuan sebagaimana dimaksud dalam Pasal 26 ayat (1) dan/atau ayat (4) dikenakan sanksi administratif berupa: a. peringatan tertulis; b. penghentian sementara, sebagian, atau seluruh kegiatan termasuk pelaksanaan kerja sama; pembatalan persetujuan; c. d. pembatalan pendaftaran; dan/atau e. pencabutan izin. (2) Sanksi administratif sebagaimana dimaksud pada ayat (1) huruf b sampai dengan huruf e dapat dikenakan dengan atau tanpa didahului pengenaan sanksi administratif berupa peringatan tertulis sebagaimana dimaksud pada ayat (1) huruf a. Bagian Ketiga Prinsip Pemantauan oleh Asosiasi"
POJK_No3_2024_Inovasi_Teknologi_Keuangan,Pasal 28,pasal_internal,Pasal 21,POJK_No3_2024_Inovasi_Teknologi_Keuangan,Pasal 21,True,1,"(1) Asosiasi sebagaimana dimaksud dalam Pasal 21 menetapkan standar dengan menggunakan pendekatan disiplin pasar yang paling sedikit: a. memastikan kepatuhan penyampaian pelaporan Otoritas Jasa Keuangan; b. merumuskan aturan operasional, industri, perilaku pasar, dan kode berdasarkan karakteristik Penyelenggara ITSK; standar etik, c. menerima dan meneruskan laporan serta menerima keluhan; d. menyusun statistik keuangan dan memantau risiko serta penelitian tentang isu makro dan mikro keuangan; e. melaksanakan perintah Otoritas Jasa Keuangan kepada Penyelenggara ITSK untuk mendukung fungsi pengaturan, pengawasan, serta diseminasi informasi; f. menetapkan mekanisme asesmen mandiri, termasuk mekanisme pengenaan sanksi atas pelanggaran anggota terhadap aturan dan kode etik; g. melaksanakan pendidikan dan pelatihan; h. melaksanakan Pelindungan Konsumen; dan i. melaksanakan internasional. lebih asosiasi Penyelenggara ITSK ditetapkan oleh Otoritas Jasa Keuangan. mengenai kerjasama domestik dan (2) Ketentuan BAB VII LAPORAN BERKALA DAN INSIDENTIL"
POJK_No3_2024_Inovasi_Teknologi_Keuangan,Pasal 30,pasal_internal,Pasal 29 ayat (1),POJK_No3_2024_Inovasi_Teknologi_Keuangan,Pasal 29,True,1,"(1) Pelanggaran terhadap ketentuan sebagaimana dimaksud dalam Pasal 29 ayat (1), ayat (3), dan/atau ayat (4) dikenakan sanksi administratif berupa: a. peringatan tertulis; b. penghentian sementara, sebagian, atau seluruh kegiatan termasuk pelaksanaan kerja sama; pembatalan persetujuan; c. d. pembatalan pendaftaran; dan/atau e. pencabutan izin. (2) Sanksi administratif sebagaimana dimaksud pada ayat (1) huruf b sampai dengan huruf e dapat dikenakan dengan atau tanpa didahului pengenaan sanksi administratif berupa peringatan tertulis sebagaimana dimaksud pada ayat (1) huruf a. BAB VIII TATA KELOLA"
POJK_No3_2024_Inovasi_Teknologi_Keuangan,Pasal 33,pasal_internal,Pasal 31,POJK_No3_2024_Inovasi_Teknologi_Keuangan,Pasal 31,True,1,"(1) Pelanggaran terhadap ketentuan sebagaimana dimaksud dalam Pasal 31 dan/atau Pasal 32 dikenakan sanksi administratif berupa: a. peringatan tertulis; b. penghentian sementara, sebagian, atau seluruh kegiatan termasuk pelaksanaan kerja sama; pembatalan persetujuan; c. d. pembatalan pendaftaran; dan/atau e. pencabutan izin. (2) Sanksi administratif sebagaimana dimaksud pada ayat (1) huruf b sampai dengan huruf e dapat dikenakan dengan atau tanpa didahului pengenaan sanksi administratif berupa peringatan tertulis sebagaimana dimaksud pada ayat (1) huruf a. BAB IX PUSAT DATA"
POJK_No3_2024_Inovasi_Teknologi_Keuangan,Pasal 33,pasal_internal,Pasal 32,POJK_No3_2024_Inovasi_Teknologi_Keuangan,Pasal 32,True,1,"(1) Pelanggaran terhadap ketentuan sebagaimana dimaksud dalam Pasal 31 dan/atau Pasal 32 dikenakan sanksi administratif berupa: a. peringatan tertulis; b. penghentian sementara, sebagian, atau seluruh kegiatan termasuk pelaksanaan kerja sama; pembatalan persetujuan; c. d. pembatalan pendaftaran; dan/atau e. pencabutan izin. (2) Sanksi administratif sebagaimana dimaksud pada ayat (1) huruf b sampai dengan huruf e dapat dikenakan dengan atau tanpa didahului pengenaan sanksi administratif berupa peringatan tertulis sebagaimana dimaksud pada ayat (1) huruf a. BAB IX PUSAT DATA"
POJK_No3_2024_Inovasi_Teknologi_Keuangan,Pasal 39,pasal_internal,Pasal 38 ayat (1),POJK_No3_2024_Inovasi_Teknologi_Keuangan,Pasal 38,True,1,"(1) Pelanggaran terhadap ketentuan sebagaimana dimaksud dalam Pasal 38 ayat (1), ayat (2), dan/atau ayat (4) dikenakan sanksi administratif berupa: a. peringatan tertulis; b. penghentian sementara, sebagian, atau seluruh kegiatan termasuk pelaksanaan kerja sama; pembatalan persetujuan; c. d. pembatalan pendaftaran; dan/atau e. pencabutan izin. (2) Sanksi administratif sebagaimana dimaksud pada ayat (1) huruf b sampai dengan huruf e dapat dikenakan dengan atau tanpa didahului pengenaan sanksi administratif berupa peringatan tertulis sebagaimana dimaksud pada ayat (1) huruf a. BAB XIII ASPEK KELEMBAGAAN"
POJK_No3_2024_Inovasi_Teknologi_Keuangan,Pasal 40,pasal_internal,Pasal 8 ayat (3) huruf a,POJK_No3_2024_Inovasi_Teknologi_Keuangan,Pasal 8,True,1,"(1) Untuk pengembangan dan penguatan penyelenggaraan ITSK, Otoritas Jasa Keuangan melakukan penataan kelembagaan penyelenggaraan ITSK. (2) Aspek kelembagaan Penyelenggara ITSK yang telah terdaftar paling sedikit mencakup: a. tata kelola sebagaimana dimaksud dalam Pasal 8 ayat (3) huruf a; dan b. kesiapan permodalan dan sumber daya untuk melakukan uji coba dan pengembangan inovasi sebagaimana dimaksud dalam Pasal 9 ayat (5) huruf f, dalam mendukung pencapaian tujuan Penyelenggara ITSK. (3) Aspek kelembagaan Penyelenggara ITSK yang telah memperoleh izin usaha paling sedikit mencakup: a. dukungan organisasi; b. c. sumber daya; tata kelola; dan d. pelaksanaan anggaran operasional, dalam mendukung pencapaian tujuan Penyelenggara ITSK. (4) Penyelenggara ITSK yang telah terdaftar dan/atau memperoleh dalam menjalankan usaha penyelenggaraan ITSK wajib mengutamakan prinsip tata kelola kelembagaan yang baik. izin (5) Ketentuan mengenai aspek kelembagaan bagi Penyelenggara ITSK yang telah memperoleh izin usaha sebagaimana dimaksud pada ayat (3) mengikuti Peraturan Otoritas Jasa Keuangan mengenai perizinan dan pengawasan masing-masing jenis ITSK."
POJK_No3_2024_Inovasi_Teknologi_Keuangan,Pasal 40,pasal_internal,Pasal 9 ayat (5) huruf f,POJK_No3_2024_Inovasi_Teknologi_Keuangan,Pasal 9,True,1,"(1) Untuk pengembangan dan penguatan penyelenggaraan ITSK, Otoritas Jasa Keuangan melakukan penataan kelembagaan penyelenggaraan ITSK. (2) Aspek kelembagaan Penyelenggara ITSK yang telah terdaftar paling sedikit mencakup: a. tata kelola sebagaimana dimaksud dalam Pasal 8 ayat (3) huruf a; dan b. kesiapan permodalan dan sumber daya untuk melakukan uji coba dan pengembangan inovasi sebagaimana dimaksud dalam Pasal 9 ayat (5) huruf f, dalam mendukung pencapaian tujuan Penyelenggara ITSK. (3) Aspek kelembagaan Penyelenggara ITSK yang telah memperoleh izin usaha paling sedikit mencakup: a. dukungan organisasi; b. c. sumber daya; tata kelola; dan d. pelaksanaan anggaran operasional, dalam mendukung pencapaian tujuan Penyelenggara ITSK. (4) Penyelenggara ITSK yang telah terdaftar dan/atau memperoleh dalam menjalankan usaha penyelenggaraan ITSK wajib mengutamakan prinsip tata kelola kelembagaan yang baik. izin (5) Ketentuan mengenai aspek kelembagaan bagi Penyelenggara ITSK yang telah memperoleh izin usaha sebagaimana dimaksud pada ayat (3) mengikuti Peraturan Otoritas Jasa Keuangan mengenai perizinan dan pengawasan masing-masing jenis ITSK."
POJK_No3_2024_Inovasi_Teknologi_Keuangan,Pasal 41,pasal_internal,Pasal 40 ayat (4),POJK_No3_2024_Inovasi_Teknologi_Keuangan,Pasal 40,True,1,"(1) Pelanggaran terhadap ketentuan sebagaimana dimaksud dalam Pasal 40 ayat (4) dikenakan sanksi administratif berupa: a. peringatan tertulis; b. penghentian sementara, sebagian, atau seluruh kegiatan termasuk pelaksanaan kerja sama; pembatalan persetujuan; c. d. pembatalan pendaftaran; dan/atau e. pencabutan izin. (2) Sanksi administratif sebagaimana dimaksud pada ayat (1) huruf b sampai dengan huruf e dapat dikenakan dengan atau tanpa didahului pengenaan sanksi administratif berupa peringatan tertulis sebagaimana dimaksud pada ayat (1) huruf a. BAB XIV KERJA SAMA DALAM PENYELENGGARAAN ITSK"
POJK_No3_2024_Inovasi_Teknologi_Keuangan,Pasal 43,pasal_internal,Pasal 42 ayat (2),POJK_No3_2024_Inovasi_Teknologi_Keuangan,Pasal 42,True,1,"(1) Pelanggaran terhadap ketentuan sebagaimana dimaksud dalam Pasal 42 ayat (2), ayat (3), dan/atau ayat (4) dikenakan sanksi administratif berupa: a. peringatan tertulis; b. penghentian sementara, sebagian, atau seluruh kegiatan termasuk pelaksanaan kerja sama; pembatalan persetujuan; c. d. pembatalan pendaftaran; dan/atau e. pencabutan izin. (2) Sanksi administratif sebagaimana dimaksud pada ayat (1) huruf b sampai dengan huruf e dapat dikenakan dengan atau tanpa didahului pengenaan sanksi administratif berupa peringatan tertulis sebagaimana dimaksud pada ayat (1) huruf a. BAB XV ASPEK KEPATUHAN LAINNYA"
POJK_No3_2024_Inovasi_Teknologi_Keuangan,Pasal 49,pasal_internal,Pasal 48 ayat (1),POJK_No3_2024_Inovasi_Teknologi_Keuangan,Pasal 48,True,1,"(1) Pelanggaran terhadap ketentuan sebagaimana dimaksud dalam Pasal 48 ayat (1) dikenakan sanksi administratif berupa: a. peringatan tertulis; b. penghentian sementara, sebagian, atau seluruh kegiatan termasuk pelaksanaan kerja sama; pembatalan persetujuan; c. d. pembatalan pendaftaran; dan/atau e. pencabutan izin. (2) Sanksi administratif sebagaimana dimaksud pada ayat (1) huruf b sampai dengan huruf e dapat dikenakan dengan atau tanpa didahului pengenaan sanksi administratif berupa peringatan tertulis sebagaimana dimaksud pada ayat (1) huruf a. BAB XIX KETENTUAN PERALIHAN"
POJK_No3_2024_Inovasi_Teknologi_Keuangan,Pasal 50,pasal_internal,Pasal 16,POJK_No3_2024_Inovasi_Teknologi_Keuangan,Pasal 16,True,1,"(1) Penyelenggara inovasi keuangan digital yang sedang dalam proses permohonan pencatatan dan peserta regulatory sandbox yang masih dalam pelaksanaan sebagaimana diatur dalam regulatory Nomor Keuangan Jasa Peraturan 13/POJK.02/2018 tentang Inovasi Keuangan Digital di Sektor Jasa Keuangan diberikan status: a. direkomendasikan dengan kewajiban melakukan pendaftaran atau izin usaha kepada Otoritas Jasa Keuangan; sandbox Otoritas b. direkomendasikan tanpa kewajiban melakukan pendaftaran atau izin usaha kepada Otoritas Jasa Keuangan; atau tidak direkomendasikan, c. paling Peraturan Otoritas Jasa Keuangan ini. lambat 6 (enam) bulan sejak berlakunya (2) Peserta regulatory sandbox yang diberikan hasil berupa status direkomendasikan dengan kewajiban melakukan pendaftaran atau izin usaha kepada Otoritas Jasa Keuangan sebagaimana dimaksud pada ayat sebagaimana dimaksud dalam Pasal 16 dan"
POJK_No3_2024_Inovasi_Teknologi_Keuangan,Pembukaan,pasal_external,Pasal 216 ayat (1) UU 4/2023,,Pasal 216,False,1,"Mengingat : a. bahwa untuk melaksanakan kewenangan pengaturan dan pengawasan sebagaimana dimaksud dalam Pasal 216 ayat (1) Undang-Undang Nomor 4 Tahun 2023 tentang Pengembangan dan Penguatan Sektor Keuangan, Otoritas Jasa Keuangan berwenang mengatur inovasi teknologi sektor keuangan; b. bahwa ketentuan mengenai inovasi keuangan digital sebagaimana diatur dalam Peraturan Otoritas Jasa Keuangan Nomor 13/POJK.02/2018 tentang Inovasi Keuangan Digital di Sektor Jasa Keuangan sudah tidak sesuai dengan kebutuhan sehingga perlu diubah; c. bahwa berdasarkan pertimbangan sebagaimana dimaksud dalam huruf a dan huruf b, perlu menetapkan Peraturan Otoritas Jasa Keuangan tentang Penyelenggaraan Inovasi Teknologi Sektor Keuangan; : 1. Undang-Undang Nomor 21 Tahun 2011 tentang Otoritas Jasa Keuangan (Lembaran Negara Republik Indonesia Tahun 2011 Nomor 111, Tambahan Lembaran Negara Republik Indonesia Nomor 5253) sebagaimana diubah dengan Undang-Undang Nomor 4 Tahun 2023 tentang Pengembangan dan Penguatan Sektor Keuangan (Lembaran Negara Republik Indonesia Tahun 2023 Nomor 4, Tambahan Lembaran Negara Republik Indonesia Nomor 6845); 2. Undang-Undang Nomor 4 Tahun 2023 tentang Pengembangan dan Penguatan Sektor Keuangan (Lembaran Negara Republik Indonesia Tahun 2023 Nomor 4, Tambahan Lembaran Negara Republik Indonesia Nomor 6845);"
POJK_No3_2024_Inovasi_Teknologi_Keuangan,Pembukaan,regulation,UU 4/2023,,,False,3,"Mengingat : a. bahwa untuk melaksanakan kewenangan pengaturan dan pengawasan sebagaimana dimaksud dalam Pasal 216 ayat (1) Undang-Undang Nomor 4 Tahun 2023 tentang Pengembangan dan Penguatan Sektor Keuangan, Otoritas Jasa Keuangan berwenang mengatur inovasi teknologi sektor keuangan; b. bahwa ketentuan mengenai inovasi keuangan digital sebagaimana diatur dalam Peraturan Otoritas Jasa Keuangan Nomor 13/POJK.02/2018 tentang Inovasi Keuangan Digital di Sektor Jasa Keuangan sudah tidak sesuai dengan kebutuhan sehingga perlu diubah; c. bahwa berdasarkan pertimbangan sebagaimana dimaksud dalam huruf a dan huruf b, perlu menetapkan Peraturan Otoritas Jasa Keuangan tentang Penyelenggaraan Inovasi Teknologi Sektor Keuangan; : 1. Undang-Undang Nomor 21 Tahun 2011 tentang Otoritas Jasa Keuangan (Lembaran Negara Republik Indonesia Tahun 2011 Nomor 111, Tambahan Lembaran Negara Republik Indonesia Nomor 5253) sebagaimana diubah dengan Undang-Undang Nomor 4 Tahun 2023 tentang Pengembangan dan Penguatan Sektor Keuangan (Lembaran Negara Republik Indonesia Tahun 2023 Nomor 4, Tambahan Lembaran Negara Republik Indonesia Nomor 6845); 2. Undang-Undang Nomor 4 Tahun 2023 tentang Pengembangan dan Penguatan Sektor Keuangan (Lembaran Negara Republik Indonesia Tahun 2023 Nomor 4, Tambahan Lembaran Negara Republik Indonesia Nomor 6845);"
POJK_No3_2024_Inovasi_Teknologi_Keuangan,Pembukaan,regulation,UU 21/2011,,,False,1,"Mengingat : a. bahwa untuk melaksanakan kewenangan pengaturan dan pengawasan sebagaimana dimaksud dalam Pasal 216 ayat (1) Undang-Undang Nomor 4 Tahun 2023 tentang Pengembangan dan Penguatan Sektor Keuangan, Otoritas Jasa Keuangan berwenang mengatur inovasi teknologi sektor keuangan; b. bahwa ketentuan mengenai inovasi keuangan digital sebagaimana diatur dalam Peraturan Otoritas Jasa Keuangan Nomor 13/POJK.02/2018 tentang Inovasi Keuangan Digital di Sektor Jasa Keuangan sudah tidak sesuai dengan kebutuhan sehingga perlu diubah; c. bahwa berdasarkan pertimbangan sebagaimana dimaksud dalam huruf a dan huruf b, perlu menetapkan Peraturan Otoritas Jasa Keuangan tentang Penyelenggaraan Inovasi Teknologi Sektor Keuangan; : 1. Undang-Undang Nomor 21 Tahun 2011 tentang Otoritas Jasa Keuangan (Lembaran Negara Republik Indonesia Tahun 2011 Nomor 111, Tambahan Lembaran Negara Republik Indonesia Nomor 5253) sebagaimana diubah dengan Undang-Undang Nomor 4 Tahun 2023 tentang Pengembangan dan Penguatan Sektor Keuangan (Lembaran Negara Republik Indonesia Tahun 2023 Nomor 4, Tambahan Lembaran Negara Republik Indonesia Nomor 6845); 2. Undang-Undang Nomor 4 Tahun 2023 tentang Pengembangan dan Penguatan Sektor Keuangan (Lembaran Negara Republik Indonesia Tahun 2023 Nomor 4, Tambahan Lembaran Negara Republik Indonesia Nomor 6845);"
PP_PSTE_No71_2019,Pasal 6,pasal_internal,Pasal 2 ayat (2),PP_PSTE_No71_2019,Pasal 2,True,1,"(1) Setiap Penyelenggara Sistem Elektronik sebagaimana dimaksud dalam Pasal 2 ayat (2) wajib melakukan pendaftaran. (2) Kewajiban melakukan pendaftaran bagi Penyelenggara Sistem Elektronik dilakukan sebelum Sistem Elektronik mulai digunakan oleh Pengguna Sistem Elektronik. (3) Pendaftaran Penyelenggara Sistem Elektronik sebagaimana dimaksud pada ayat (1) diajukan kepada Menteri melalui pelayanan perizinan berusaha terintegrasi secara elektronik sesuai dengan ketentuan peraturan perundang-undangan. (4) Ketentuan lebih mengenai pendaftaran Penyelenggara Sistem Elektronik sebagaimana dimaksud pada ayat (3) mengacu pada norma, standar, prosedur, dan kriteria yang diatur dengan Peraturan Menteri. 2019, No.185 Bagian Ketiga Perangkat Keras"
PP_PSTE_No71_2019,Pasal 16,pasal_internal,Pasal 15 ayat (2) huruf a,PP_PSTE_No71_2019,Pasal 15,True,1,"(1) Informasi Elektronik dan/atau Dokumen Elektronik yang tidak relevan yang dilakukan penghapusan (right to erasure) sebagaimana dimaksud dalam Pasal 15 ayat (2) huruf a terdiri atas Data Pribadi yang: a. diperoleh dan diproses tanpa persetujuan pemilik Data Pribadi; b. telah ditarik persetujuannya oleh pemilik Data Pribadi; c. diperoleh dan diproses dengan cara melawan hukum; d. sudah tidak sesuai lagi dengan tujuan perolehan berdasarkan perjanjian dan/atau ketentuan peraturan perundang-undangan; e. penggunaannya telah melampaui waktu sesuai dengan perjanjian dan/atau ketentuan peraturan perundang-undangan; dan/atau f. ditampilkan oleh Penyelenggara Sistem Elektronik yang mengakibatkan kerugian bagi pemilik Data Pribadi. (2) Kewajiban penghapusan Informasi Elektronik dan/atau Dokumen Elektronik sebagaimana dimaksud pada ayat (1) tidak berlaku dalam hal Informasi Elektronik dan/atau Dokumen Elektronik 2019, No.185 tersebut wajib disimpan atau dilarang untuk dihapus oleh Penyelenggara Sistem Elektronik sesuai dengan ketentuan peraturan perundang-undangan."
PP_PSTE_No71_2019,Pasal 17,pasal_internal,Pasal 15 ayat (2) huruf b,PP_PSTE_No71_2019,Pasal 15,True,1,"(1) Penghapusan Informasi Elektronik dan/atau Dokumen Elektronik yang tidak relevan yang dilakukan pengeluaran dari daftar mesin pencari (right to delisting) sebagaimana dimaksud dalam Pasal 15 ayat (2) huruf b dilakukan berdasarkan penetapan pengadilan. (2) Permohonan penetapan penghapusan Informasi Elektronik dan/atau Dokumen Elektronik kepada pengadilan negeri setempat dilakukan oleh orang yang bersangkutan sebagai pemilik Data Pribadi sesuai dengan ketentuan peraturan perundang-undangan. (3) Permohonan penetapan penghapusan sebagaimana dimaksud pada ayat (2) harus memuat: a. identitas pemohon; b. identitas Penyelenggara Sistem Elektronik dan/atau alamat Sistem Elektronik; c. Data Pribadi yang tidak relevan di bawah kendali Penyelenggara Sistem Elektronik; dan d. alasan permintaan penghapusan. (4) Dalam hal pengadilan mengabulkan permohonan penetapan penghapusan sebagaimana dimaksud pada ayat (2), Penyelenggara Sistem Elektronik wajib melakukan penghapusan Informasi Elektronik dan/atau Dokumen Elektronik yang tidak relevan. (5) Penetapan pengadilan sebagaimana dimaksud pada ayat (4) menjadi dasar permintaan penghapusan Informasi Elektronik dan/atau Dokumen Elektronik yang tidak relevan oleh orang yang bersangkutan kepada Penyelenggara Sistem Elektronik. 2019, No. 185"
PP_PSTE_No71_2019,Pasal 47,pasal_internal,Pasal 46 ayat (1),PP_PSTE_No71_2019,Pasal 46,True,1,"(1) Kontrak Elektronik dan bentuk kontraktual lainnya sebagaimana dimaksud dalam Pasal 46 ayat (1) yang ditujukan kepada penduduk Indonesia harus dibuat dalam Bahasa Indonesia. (2) Kontrak Elektronik yang dibuat dengan klausula baku harus sesuai dengan ketentuan mengenai klausula baku sebagaimana diatur dalam peraturan perundang-undangan. (3) Kontrak Elektronik paling sedikit memuat: a. data identitas para pihak; b. objek dan spesifikasi; c. persyaratan Transaksi Elektronik; d. harga dan biaya; e. prosedur dalam hal terdapat pembatalan oleh para pihak; f. ketentuan yang memberikan hak kepada pihak yang dirugikan untuk dapat mengembalikan 2019, No.185 barang dan/atau meminta penggantian produk jika terdapat cacat tersembunyi; dan g. pilihan hukum penyelesaian Transaksi Elektronik."
PP_PSTE_No71_2019,Pasal 51,pasal_internal,Pasal 2 ayat (2),PP_PSTE_No71_2019,Pasal 2,True,1,"(1) Penyelenggara Sistem Elektronik sebagaimana dimaksud dalam Pasal 2 ayat (2) wajib memiliki Sertifikat Elektronik. (2) Pengguna Sistem Elektronik dapat menggunakan Sertifikat Elektronik dalam Transaksi Elektronik. (3) Untuk memiliki Sertifikat Elektronik, Penyelenggara Sistem Elektronik dan Pengguna Sistem Elektronik harus mengajukan permohonan kepada Penyelenggara Sertifikasi Elektronik Indonesia. (4) Dalam hal diperlukan, Kementerian atau Lembaga dapat mewajibkan Pengguna Sistem Elektronik menggunakan Sertifikat Elektronik dalam Transaksi Elektronik. (5) Ketentuan lebih mengenai penggunaan Sertifikat Elektronik sebagaimana dimaksud pada ayat (4) diatur oleh Kementerian atau Lembaga. (6) Ketentuan lebih mengenai tata cara memiliki Sertifikat Elektronik diatur dalam Peraturan Menteri. 2019, No.185 Bagian Kedua Penyelenggara Sertifikasi Elektronik"
PP_PSTE_No71_2019,Pasal 54,pasal_internal,Pasal 53 ayat (3),PP_PSTE_No71_2019,Pasal 53,True,1,"(1) Pengakuan Penyelenggara Sertifikasi Elektronik Indonesia sebagaimana dimaksud dalam Pasal 53 ayat (3) diberikan oleh Menteri setelah Penyelenggara Sertifikasi Elektronik Indonesia memenuhi persyaratan proses pengakuan yang diatur dalam Peraturan Menteri. (2) Daftar pengakuan Penyelenggara Sertifikasi Elektronik Indonesia termasuk layanan yang diselenggarakannya dibuat, dipelihara, dan dipublikasikan oleh Menteri. (3) Ketentuan lebih mengenai tata cara pengakuan Penyelenggara Sertifikasi Elektronik Indonesia diatur dalam Peraturan Menteri."
PP_PSTE_No71_2019,Pasal 60,pasal_internal,Pasal 59 ayat (3),PP_PSTE_No71_2019,Pasal 59,True,1,"(1) Tanda Tangan Elektronik berfungsi sebagai alat autentikasi dan verifikasi atas: a. identitas Penanda Tangan; dan b. keutuhan dan keautentikan Informasi Elektronik. (2) Tanda Tangan Elektronik meliputi: a. Tanda Tangan Elektronik tersertifikasi; dan b. Tanda Tangan Elektronik tidak tersertifikasi. (3) Tanda Tangan Elektronik tersertifikasi sebagaimana dimaksud pada ayat (2) huruf a harus: a. memenuhi keabsahan kekuatan hukum dan akibat hukum Tanda Tangan Elektronik sebagaimana dimaksud dalam Pasal 59 ayat (3); b. menggunakan Sertifikat Elektronik yang dibuat oleh jasa Penyelenggara Sertifikasi Elektronik Indonesia; dan c. dibuat dengan menggunakan Perangkat Pembuat Tanda Tangan Elektronik tersertifikasi. (4) Tanda Tangan Elektronik tidak tersertifikasi sebagaimana dimaksud pada ayat (2) huruf b dibuat tanpa menggunakan jasa Penyelenggara Sertifikasi Elektronik Indonesia. 2019, No. 185 Paragraf 3 Data Pembuatan Tanda Tangan Elektronik"
PP_PSTE_No71_2019,Pasal 80,pasal_internal,Pasal 79 ayat (3),PP_PSTE_No71_2019,Pasal 79,True,1,"(1) Pengelola Nama Domain sebagaimana dimaksud dalam Pasal 79 ayat (3) dapat diselenggarakan oleh Pemerintah dan/atau masyarakat. (2) Masyarakat sebagaimana dimaksud pada ayat (1) harus berbadan hukum Indonesia. 2019, No.185 (3) Pengelola Nama Domain ditetapkan oleh Menteri."
PP_PSTE_No71_2019,Pasal 81,pasal_internal,Pasal 79 ayat (3) huruf a,PP_PSTE_No71_2019,Pasal 79,True,1,(1) Registri Nama Domain sebagaimana dimaksud dalam Pasal 79 ayat (3) huruf a melaksanakan pengelolaan Nama Domain tingkat tinggi generik dan Nama Domain tingkat tinggi Indonesia. (2) Registri Nama Domain dapat memberikan kewenangan pendaftaran Nama Domain tingkat tinggi generik dan Nama Domain tingkat tinggi Indonesia kepada Registrar Nama Domain. (3) Registri Nama Domain berfungsi: a. memberikan masukan terhadap rencana pengaturan Nama Domain kepada Menteri; b. melakukan pengawasan terhadap Registrar Nama Domain; dan c. menyelesaikan perselisihan Nama Domain. (4) Ketentuan lebih mengenai penyelesaian perselisihan Nama Domain sebagaimana dimaksud pada ayat (3) huruf c diatur dengan Peraturan Menteri.
PP_PSTE_No71_2019,Pasal 82,pasal_internal,Pasal 79 ayat (3) huruf b,PP_PSTE_No71_2019,Pasal 79,True,1,"(1) Registrar Nama Domain sebagaimana dimaksud dalam Pasal 79 ayat (3) huruf b melaksanakan pengelolaan Nama Domain Indonesia tingkat kedua dan Nama Domain Indonesia tingkat turunan. (2) Registrar Nama Domain terdiri atas: a. Registrar Nama Domain Instansi; dan b. Registrar Nama Domain selain Instansi. (3) Registrar Nama Domain Instansi melaksanakan pendaftaran Nama Domain Indonesia tingkat kedua dan Nama Domain Indonesia tingkat turunan untuk kebutuhan Instansi. (4) Registrar Nama Domain Instansi sebagaimana dimaksud pada ayat (3) dilaksanakan oleh Menteri. 2019, No. 185 (5) Untuk kepentingan militer, Registrar Nama Domain Instansi sebagaimana dimaksud pada ayat (3) dilaksanakan oleh menteri yang menyelenggarakan urusan pemerintahan di bidang pertahanan dan keamanan. (6) Registrar Nama Domain selain Instansi melakukan pendaftaran Nama Domain Indonesia tingkat kedua untuk pengguna komersial dan nonkomersial. (7) Registrar Nama Domain selain Instansi wajib terdaftar pada Menteri. Pasal 83 (1) Pendaftaran Nama Domain dilaksanakan berdasarkan prinsip pendaftar pertama. (2) Nama Domain yang didaftarkan sebagaimana dimaksud pada ayat (1) harus memenuhi persyaratan: a. sesuai dengan ketentuan peraturan perundang-undangan; b. kepatutan yang berlaku dalam masyarakat; dan c. iktikad baik. (3) Registri Nama Domain dan Registrar Nama Domain berwenang: a. menolak pendaftaran Nama Domain apabila Nama Domain tidak memenuhi persyaratan sebagaimana dimaksud pada ayat (2); b. menonaktifkan sementara penggunaan Nama Domain; atau c. menghapus Nama Domain apabila pengguna Nama Domain mela"
PP_PSTE_No71_2019,Pasal 82,pasal_internal,Pasal 83,PP_PSTE_No71_2019,Pasal 83,False,1,"(1) Registrar Nama Domain sebagaimana dimaksud dalam Pasal 79 ayat (3) huruf b melaksanakan pengelolaan Nama Domain Indonesia tingkat kedua dan Nama Domain Indonesia tingkat turunan. (2) Registrar Nama Domain terdiri atas: a. Registrar Nama Domain Instansi; dan b. Registrar Nama Domain selain Instansi. (3) Registrar Nama Domain Instansi melaksanakan pendaftaran Nama Domain Indonesia tingkat kedua dan Nama Domain Indonesia tingkat turunan untuk kebutuhan Instansi. (4) Registrar Nama Domain Instansi sebagaimana dimaksud pada ayat (3) dilaksanakan oleh Menteri. 2019, No. 185 (5) Untuk kepentingan militer, Registrar Nama Domain Instansi sebagaimana dimaksud pada ayat (3) dilaksanakan oleh menteri yang menyelenggarakan urusan pemerintahan di bidang pertahanan dan keamanan. (6) Registrar Nama Domain selain Instansi melakukan pendaftaran Nama Domain Indonesia tingkat kedua untuk pengguna komersial dan nonkomersial. (7) Registrar Nama Domain selain Instansi wajib terdaftar pada Menteri. Pasal 83 (1) Pendaftaran Nama Domain dilaksanakan berdasarkan prinsip pendaftar pertama. (2) Nama Domain yang didaftarkan sebagaimana dimaksud pada ayat (1) harus memenuhi persyaratan: a. sesuai dengan ketentuan peraturan perundang-undangan; b. kepatutan yang berlaku dalam masyarakat; dan c. iktikad baik. (3) Registri Nama Domain dan Registrar Nama Domain berwenang: a. menolak pendaftaran Nama Domain apabila Nama Domain tidak memenuhi persyaratan sebagaimana dimaksud pada ayat (2); b. menonaktifkan sementara penggunaan Nama Domain; atau c. menghapus Nama Domain apabila pengguna Nama Domain mela"
PP_PSTE_No71_2019,Pasal 91,pasal_internal,Pasal 90 huruf a,PP_PSTE_No71_2019,Pasal 90,True,1,"Peran Pemerintah untuk memfasilitasi pemanfaatan Teknologi Informasi dan Transaksi Elektronik sebagaimana dimaksud dalam Pasal 90 huruf a meliputi: a. penetapan kebijakan; b. pelaksanaan kebijakan; 2019, No.185 c. fasilitasi infrastruktur; d. promosi dan edukasi; dan e. pengawasan."
PP_PSTE_No71_2019,Pasal 92,pasal_internal,Pasal 91 huruf c,PP_PSTE_No71_2019,Pasal 91,True,1,Fasilitasi infrastruktur sebagaimana dimaksud dalam Pasal 91 huruf c meliputi: a. pengembangan dan penyelenggaraan gerbang Sistem Elektronik nasional; b. pengembangan dan penyelenggaraan fasilitas forensik Teknologi Informasi; c. penyelenggaraan sertifikasi elektronik induk; d. penyelenggaraan pusat data dan pusat pemulihan bencana nasional secara terpadu dalam rangka penyelenggaraan urusan pemerintahan yang berbasis elektronik; e. sarana pengamanan Sistem Elektronik untuk pencegahan serangan terhadap infrastruktur informasi vital pada sektor strategis; f. sarana penitipan atau penyimpanan kode sumber dan dokumentasi atas perangkat lunak untuk Instansi; dan g. sarana lain yang diperlukan untuk memfasilitasi pemanfaatan Teknologi Informasi dan Transaksi Elektronik berdasarkan ketentuan peraturan perundang-undangan.
PP_PSTE_No71_2019,Pasal 93,pasal_internal,Pasal 91 huruf d,PP_PSTE_No71_2019,Pasal 91,True,1,"(1) Promosi dan edukasi sebagaimana dimaksud dalam Pasal 91 huruf d dilaksanakan oleh Instansi sesuai dengan kewenangannya berdasarkan ketentuan peraturan perundang-undangan untuk mewujudkan pemanfaatan Teknologi Informasi dan Transaksi Elektronik yang aman, beretika, cerdas, kreatif, produktif, dan inovatif. (2) Pelaksanaan promosi dan edukasi dapat melibatkan pemangku kepentingan termasuk masyarakat 2019, No. 185 dan/atau pegiat Teknologi Informasi dan Transaksi Elektronik."
PP_PSTE_No71_2019,Pasal 94,pasal_internal,Pasal 90 huruf b,PP_PSTE_No71_2019,Pasal 90,True,1,"(1) Peran Pemerintah untuk melindungi kepentingan umum dari segala jenis gangguan sebagai akibat penyalahgunaan Informasi Elektronik dan Transaksi Elektronik yang mengganggu ketertiban umum sebagaimana dimaksud dalam Pasal 90 huruf b meliputi: a. penetapan strategi keamanan siber nasional yang merupakan bagian dari strategi keamanan nasional, termasuk pembangunan budaya keamanan siber; b. pengaturan standar keamanan informasi; c. pengaturan penyelenggaraan pelindungan infrastruktur informasi vital; d. pengaturan manajemen risiko penyelenggaraan Sistem Elektronik; e. pengaturan sumber daya manusia dalam penyelenggaraan pelindungan Sistem Elektronik; f. pembinaan dan pengawasan penyelenggaraan pelindungan infrastruktur informasi vital; g. pembinaan dan pengawasan manajemen risiko penyelenggaraan Sistem Elektronik; h. pembinaan dan pengawasan sumber daya manusia dalam penyelenggaraan pelindungan Sistem Elektronik; i. penyelenggaraan pengamanan Informasi Elektronik; j. penyelenggaraan penanganan insiden keamanan informasi; k. penyelenggaraan penanganan tanggap darurat; dan l. fungsi lain yang diperlukan untuk melindungi kepentingan umum dari segala jenis gangguan. 2019, No.185 (2) Kewenangan sebagaimana dimaksud pada ayat (1) dapat dilaksanakan melalui kerja sama dengan pihak lain."
PP_PSTE_No71_2019,Pasal 95,pasal_internal,Pasal 90 huruf c,PP_PSTE_No71_2019,Pasal 90,True,1,Peran Pemerintah untuk melakukan pencegahan penyebarluasan dan penggunaan Informasi Elektronik dan/atau Dokumen Elektronik yang memiliki muatan yang dilarang sesuai dengan ketentuan peraturan perundang-undangan sebagaimana dimaksud dalam Pasal 90 huruf c berupa: a. pemutusan Akses; dan/atau b. memerintahkan kepada Penyelenggara Sistem Elektronik untuk melakukan pemutusan Akses terhadap Informasi Elektronik dan/atau Dokumen Elektronik tersebut.
PP_PSTE_No71_2019,Pasal 96,pasal_internal,Pasal 95,PP_PSTE_No71_2019,Pasal 95,True,1,Pemutusan Akses dilakukan terhadap Informasi Elektronik dan/atau Dokumen Elektronik sebagaimana dimaksud dalam Pasal 95 dengan klasifikasi: a. melanggar ketentuan peraturan perundang-undangan; b. meresahkan masyarakat dan mengganggu ketertiban umum; dan c. memberitahukan cara atau menyediakan Akses terhadap Informasi Elektronik dan/atau Dokumen Elektronik yang memiliki muatan yang dilarang sesuai dengan ketentuan peraturan perundang-undangan.
PP_PSTE_No71_2019,Pasal 97,pasal_internal,Pasal 96,PP_PSTE_No71_2019,Pasal 96,True,4,"(1) Masyarakat dapat mengajukan permohonan pemutusan Akses Informasi Elektronik dan/atau Dokumen Elektronik sebagaimana dimaksud dalam Pasal 96 kepada Menteri. 2019, No. 185 (2) Kementerian atau Lembaga terkait berkoordinasi dengan Menteri untuk pemutusan Akses Informasi Elektronik dan/atau Dokumen Elektronik sebagaimana dimaksud dalam Pasal 96. (3) Aparat penegak hukum dapat meminta pemutusan Akses Informasi Elektronik dan/atau Dokumen Elektronik sebagaimana dimaksud dalam Pasal 96 kepada Menteri. (4) Lembaga peradilan dapat memerintahkan pemutusan Akses Informasi Elektronik dan/atau Dokumen Elektronik sebagaimana dimaksud dalam Pasal 96 kepada Menteri. (5) Ketentuan mengenai tata cara permohonan pemutusan Akses sebagaimana dimaksud pada ayat (1) sampai dengan ayat (4) diatur dengan Peraturan Menteri."
PP_PSTE_No71_2019,Pasal 98,pasal_internal,Pasal 96,PP_PSTE_No71_2019,Pasal 96,True,1,"(1) Penyelenggara Sistem Elektronik wajib melakukan pemutusan Akses terhadap Informasi Elektronik dan/atau Dokumen Elektronik sebagaimana dimaksud dalam Pasal 96. (2) Penyelenggara Sistem Elektronik sebagaimana dimaksud pada ayat (1) mencakup penyelenggara jasa Akses internet, penyelenggara jaringan dan jasa telekomunikasi, penyelenggara konten, dan penyelenggara tautan yang menyediakan jaringan lalu lintas Informasi Elektronik dan/atau Dokumen Elektronik. (3) Penyelenggara Sistem Elektronik yang tidak melakukan pemutusan Akses dapat dikenakan pertanggungjawaban hukum berdasarkan ketentuan peraturan perundang-undangan. (4) Ketentuan lebih mengenai pelaksanaan kewajiban pemutusan Akses sebagaimana dimaksud pada ayat (1) diatur dengan Peraturan Menteri. 2019, No.185"
PP_PSTE_No71_2019,Pasal 100,pasal_internal,Pasal 4,PP_PSTE_No71_2019,Pasal 4,True,1,"(1) Pelanggaran terhadap ketentuan Pasal 4, Pasal 5 ayat (1) dan ayat (2), Pasal 6 ayat (1), Pasal 9 ayat (1) dan ayat (4), Pasal 14 ayat (1) dan ayat (5), Pasal 15 ayat (1), Pasal 17 ayat (4), Pasal 18 ayat (1), Pasal 21 ayat (2) dan ayat (3), Pasal 22 ayat (1), Pasal 23, Pasal 24 2019, No. 185 ayat (1), ayat (2), dan ayat (3), Pasal 25, Pasal 26 ayat (1), Pasal 28 ayat (1), Pasal 29, Pasal 30 ayat (1), Pasal 31, Pasal 32 ayat (1) dan ayat (2), Pasal 33, Pasal 34 ayat (1), Pasal 37 ayat (1) dan ayat (2), Pasal 38 ayat (3), Pasal 39 ayat (2), Pasal 40 ayat (1) dan ayat (2), Pasal 42 ayat (1) dan ayat (3), Pasal 51 ayat (1), Pasal 53 ayat (3), Pasal 55 ayat (2), Pasal 63 ayat (3), Pasal 64 ayat (1), Pasal 69 ayat (1), Pasal 82 ayat (7), Pasal 84 ayat (1) dan ayat (2), Pasal 87 ayat (2), dan Pasal 98 ayat (1), dikenai sanksi administratif. (2) Sanksi administratif sebagaimana dimaksud pada ayat (1) dapat berupa: a. teguran tertulis; b. denda administratif; c. penghentian sementara; d. pemutusan Akses; dan/atau e. dikeluarkan dari daftar. (3) Sanksi administratif diberikan oleh Menteri sesuai dengan ketentuan peraturan perundang-undangan. (4) Pengenaan sanksi administratif sebagaimana dimaksud pada ayat (2) huruf c dan huruf d dilakukan melalui koordinasi dengan pimpinan Kementerian atau Lembaga terkait. (5) Pengenaan sanksi administratif sebagaimana dimaksud pada ayat (2) dan ayat (3) tidak menghapuskan tanggung jawab pidana dan perdata."
PP_PSTE_No71_2019,Pasal 100,pasal_internal,Pasal 5 ayat (1),PP_PSTE_No71_2019,Pasal 5,True,1,"(1) Pelanggaran terhadap ketentuan Pasal 4, Pasal 5 ayat (1) dan ayat (2), Pasal 6 ayat (1), Pasal 9 ayat (1) dan ayat (4), Pasal 14 ayat (1) dan ayat (5), Pasal 15 ayat (1), Pasal 17 ayat (4), Pasal 18 ayat (1), Pasal 21 ayat (2) dan ayat (3), Pasal 22 ayat (1), Pasal 23, Pasal 24 2019, No. 185 ayat (1), ayat (2), dan ayat (3), Pasal 25, Pasal 26 ayat (1), Pasal 28 ayat (1), Pasal 29, Pasal 30 ayat (1), Pasal 31, Pasal 32 ayat (1) dan ayat (2), Pasal 33, Pasal 34 ayat (1), Pasal 37 ayat (1) dan ayat (2), Pasal 38 ayat (3), Pasal 39 ayat (2), Pasal 40 ayat (1) dan ayat (2), Pasal 42 ayat (1) dan ayat (3), Pasal 51 ayat (1), Pasal 53 ayat (3), Pasal 55 ayat (2), Pasal 63 ayat (3), Pasal 64 ayat (1), Pasal 69 ayat (1), Pasal 82 ayat (7), Pasal 84 ayat (1) dan ayat (2), Pasal 87 ayat (2), dan Pasal 98 ayat (1), dikenai sanksi administratif. (2) Sanksi administratif sebagaimana dimaksud pada ayat (1) dapat berupa: a. teguran tertulis; b. denda administratif; c. penghentian sementara; d. pemutusan Akses; dan/atau e. dikeluarkan dari daftar. (3) Sanksi administratif diberikan oleh Menteri sesuai dengan ketentuan peraturan perundang-undangan. (4) Pengenaan sanksi administratif sebagaimana dimaksud pada ayat (2) huruf c dan huruf d dilakukan melalui koordinasi dengan pimpinan Kementerian atau Lembaga terkait. (5) Pengenaan sanksi administratif sebagaimana dimaksud pada ayat (2) dan ayat (3) tidak menghapuskan tanggung jawab pidana dan perdata."
PP_PSTE_No71_2019,Pasal 100,pasal_internal,Pasal 6 ayat (1),PP_PSTE_No71_2019,Pasal 6,True,1,"(1) Pelanggaran terhadap ketentuan Pasal 4, Pasal 5 ayat (1) dan ayat (2), Pasal 6 ayat (1), Pasal 9 ayat (1) dan ayat (4), Pasal 14 ayat (1) dan ayat (5), Pasal 15 ayat (1), Pasal 17 ayat (4), Pasal 18 ayat (1), Pasal 21 ayat (2) dan ayat (3), Pasal 22 ayat (1), Pasal 23, Pasal 24 2019, No. 185 ayat (1), ayat (2), dan ayat (3), Pasal 25, Pasal 26 ayat (1), Pasal 28 ayat (1), Pasal 29, Pasal 30 ayat (1), Pasal 31, Pasal 32 ayat (1) dan ayat (2), Pasal 33, Pasal 34 ayat (1), Pasal 37 ayat (1) dan ayat (2), Pasal 38 ayat (3), Pasal 39 ayat (2), Pasal 40 ayat (1) dan ayat (2), Pasal 42 ayat (1) dan ayat (3), Pasal 51 ayat (1), Pasal 53 ayat (3), Pasal 55 ayat (2), Pasal 63 ayat (3), Pasal 64 ayat (1), Pasal 69 ayat (1), Pasal 82 ayat (7), Pasal 84 ayat (1) dan ayat (2), Pasal 87 ayat (2), dan Pasal 98 ayat (1), dikenai sanksi administratif. (2) Sanksi administratif sebagaimana dimaksud pada ayat (1) dapat berupa: a. teguran tertulis; b. denda administratif; c. penghentian sementara; d. pemutusan Akses; dan/atau e. dikeluarkan dari daftar. (3) Sanksi administratif diberikan oleh Menteri sesuai dengan ketentuan peraturan perundang-undangan. (4) Pengenaan sanksi administratif sebagaimana dimaksud pada ayat (2) huruf c dan huruf d dilakukan melalui koordinasi dengan pimpinan Kementerian atau Lembaga terkait. (5) Pengenaan sanksi administratif sebagaimana dimaksud pada ayat (2) dan ayat (3) tidak menghapuskan tanggung jawab pidana dan perdata."
PP_PSTE_No71_2019,Pasal 100,pasal_internal,Pasal 9 ayat (1),PP_PSTE_No71_2019,Pasal 9,True,1,"(1) Pelanggaran terhadap ketentuan Pasal 4, Pasal 5 ayat (1) dan ayat (2), Pasal 6 ayat (1), Pasal 9 ayat (1) dan ayat (4), Pasal 14 ayat (1) dan ayat (5), Pasal 15 ayat (1), Pasal 17 ayat (4), Pasal 18 ayat (1), Pasal 21 ayat (2) dan ayat (3), Pasal 22 ayat (1), Pasal 23, Pasal 24 2019, No. 185 ayat (1), ayat (2), dan ayat (3), Pasal 25, Pasal 26 ayat (1), Pasal 28 ayat (1), Pasal 29, Pasal 30 ayat (1), Pasal 31, Pasal 32 ayat (1) dan ayat (2), Pasal 33, Pasal 34 ayat (1), Pasal 37 ayat (1) dan ayat (2), Pasal 38 ayat (3), Pasal 39 ayat (2), Pasal 40 ayat (1) dan ayat (2), Pasal 42 ayat (1) dan ayat (3), Pasal 51 ayat (1), Pasal 53 ayat (3), Pasal 55 ayat (2), Pasal 63 ayat (3), Pasal 64 ayat (1), Pasal 69 ayat (1), Pasal 82 ayat (7), Pasal 84 ayat (1) dan ayat (2), Pasal 87 ayat (2), dan Pasal 98 ayat (1), dikenai sanksi administratif. (2) Sanksi administratif sebagaimana dimaksud pada ayat (1) dapat berupa: a. teguran tertulis; b. denda administratif; c. penghentian sementara; d. pemutusan Akses; dan/atau e. dikeluarkan dari daftar. (3) Sanksi administratif diberikan oleh Menteri sesuai dengan ketentuan peraturan perundang-undangan. (4) Pengenaan sanksi administratif sebagaimana dimaksud pada ayat (2) huruf c dan huruf d dilakukan melalui koordinasi dengan pimpinan Kementerian atau Lembaga terkait. (5) Pengenaan sanksi administratif sebagaimana dimaksud pada ayat (2) dan ayat (3) tidak menghapuskan tanggung jawab pidana dan perdata."
PP_PSTE_No71_2019,Pasal 100,pasal_internal,Pasal 14 ayat (1),PP_PSTE_No71_2019,Pasal 14,True,1,"(1) Pelanggaran terhadap ketentuan Pasal 4, Pasal 5 ayat (1) dan ayat (2), Pasal 6 ayat (1), Pasal 9 ayat (1) dan ayat (4), Pasal 14 ayat (1) dan ayat (5), Pasal 15 ayat (1), Pasal 17 ayat (4), Pasal 18 ayat (1), Pasal 21 ayat (2) dan ayat (3), Pasal 22 ayat (1), Pasal 23, Pasal 24 2019, No. 185 ayat (1), ayat (2), dan ayat (3), Pasal 25, Pasal 26 ayat (1), Pasal 28 ayat (1), Pasal 29, Pasal 30 ayat (1), Pasal 31, Pasal 32 ayat (1) dan ayat (2), Pasal 33, Pasal 34 ayat (1), Pasal 37 ayat (1) dan ayat (2), Pasal 38 ayat (3), Pasal 39 ayat (2), Pasal 40 ayat (1) dan ayat (2), Pasal 42 ayat (1) dan ayat (3), Pasal 51 ayat (1), Pasal 53 ayat (3), Pasal 55 ayat (2), Pasal 63 ayat (3), Pasal 64 ayat (1), Pasal 69 ayat (1), Pasal 82 ayat (7), Pasal 84 ayat (1) dan ayat (2), Pasal 87 ayat (2), dan Pasal 98 ayat (1), dikenai sanksi administratif. (2) Sanksi administratif sebagaimana dimaksud pada ayat (1) dapat berupa: a. teguran tertulis; b. denda administratif; c. penghentian sementara; d. pemutusan Akses; dan/atau e. dikeluarkan dari daftar. (3) Sanksi administratif diberikan oleh Menteri sesuai dengan ketentuan peraturan perundang-undangan. (4) Pengenaan sanksi administratif sebagaimana dimaksud pada ayat (2) huruf c dan huruf d dilakukan melalui koordinasi dengan pimpinan Kementerian atau Lembaga terkait. (5) Pengenaan sanksi administratif sebagaimana dimaksud pada ayat (2) dan ayat (3) tidak menghapuskan tanggung jawab pidana dan perdata."
PP_PSTE_No71_2019,Pasal 100,pasal_internal,Pasal 15 ayat (1),PP_PSTE_No71_2019,Pasal 15,True,1,"(1) Pelanggaran terhadap ketentuan Pasal 4, Pasal 5 ayat (1) dan ayat (2), Pasal 6 ayat (1), Pasal 9 ayat (1) dan ayat (4), Pasal 14 ayat (1) dan ayat (5), Pasal 15 ayat (1), Pasal 17 ayat (4), Pasal 18 ayat (1), Pasal 21 ayat (2) dan ayat (3), Pasal 22 ayat (1), Pasal 23, Pasal 24 2019, No. 185 ayat (1), ayat (2), dan ayat (3), Pasal 25, Pasal 26 ayat (1), Pasal 28 ayat (1), Pasal 29, Pasal 30 ayat (1), Pasal 31, Pasal 32 ayat (1) dan ayat (2), Pasal 33, Pasal 34 ayat (1), Pasal 37 ayat (1) dan ayat (2), Pasal 38 ayat (3), Pasal 39 ayat (2), Pasal 40 ayat (1) dan ayat (2), Pasal 42 ayat (1) dan ayat (3), Pasal 51 ayat (1), Pasal 53 ayat (3), Pasal 55 ayat (2), Pasal 63 ayat (3), Pasal 64 ayat (1), Pasal 69 ayat (1), Pasal 82 ayat (7), Pasal 84 ayat (1) dan ayat (2), Pasal 87 ayat (2), dan Pasal 98 ayat (1), dikenai sanksi administratif. (2) Sanksi administratif sebagaimana dimaksud pada ayat (1) dapat berupa: a. teguran tertulis; b. denda administratif; c. penghentian sementara; d. pemutusan Akses; dan/atau e. dikeluarkan dari daftar. (3) Sanksi administratif diberikan oleh Menteri sesuai dengan ketentuan peraturan perundang-undangan. (4) Pengenaan sanksi administratif sebagaimana dimaksud pada ayat (2) huruf c dan huruf d dilakukan melalui koordinasi dengan pimpinan Kementerian atau Lembaga terkait. (5) Pengenaan sanksi administratif sebagaimana dimaksud pada ayat (2) dan ayat (3) tidak menghapuskan tanggung jawab pidana dan perdata."
PP_PSTE_No71_2019,Pasal 100,pasal_internal,Pasal 17 ayat (4),PP_PSTE_No71_2019,Pasal 17,True,1,"(1) Pelanggaran terhadap ketentuan Pasal 4, Pasal 5 ayat (1) dan ayat (2), Pasal 6 ayat (1), Pasal 9 ayat (1) dan ayat (4), Pasal 14 ayat (1) dan ayat (5), Pasal 15 ayat (1), Pasal 17 ayat (4), Pasal 18 ayat (1), Pasal 21 ayat (2) dan ayat (3), Pasal 22 ayat (1), Pasal 23, Pasal 24 2019, No. 185 ayat (1), ayat (2), dan ayat (3), Pasal 25, Pasal 26 ayat (1), Pasal 28 ayat (1), Pasal 29, Pasal 30 ayat (1), Pasal 31, Pasal 32 ayat (1) dan ayat (2), Pasal 33, Pasal 34 ayat (1), Pasal 37 ayat (1) dan ayat (2), Pasal 38 ayat (3), Pasal 39 ayat (2), Pasal 40 ayat (1) dan ayat (2), Pasal 42 ayat (1) dan ayat (3), Pasal 51 ayat (1), Pasal 53 ayat (3), Pasal 55 ayat (2), Pasal 63 ayat (3), Pasal 64 ayat (1), Pasal 69 ayat (1), Pasal 82 ayat (7), Pasal 84 ayat (1) dan ayat (2), Pasal 87 ayat (2), dan Pasal 98 ayat (1), dikenai sanksi administratif. (2) Sanksi administratif sebagaimana dimaksud pada ayat (1) dapat berupa: a. teguran tertulis; b. denda administratif; c. penghentian sementara; d. pemutusan Akses; dan/atau e. dikeluarkan dari daftar. (3) Sanksi administratif diberikan oleh Menteri sesuai dengan ketentuan peraturan perundang-undangan. (4) Pengenaan sanksi administratif sebagaimana dimaksud pada ayat (2) huruf c dan huruf d dilakukan melalui koordinasi dengan pimpinan Kementerian atau Lembaga terkait. (5) Pengenaan sanksi administratif sebagaimana dimaksud pada ayat (2) dan ayat (3) tidak menghapuskan tanggung jawab pidana dan perdata."
PP_PSTE_No71_2019,Pasal 100,pasal_internal,Pasal 18 ayat (1),PP_PSTE_No71_2019,Pasal 18,True,1,"(1) Pelanggaran terhadap ketentuan Pasal 4, Pasal 5 ayat (1) dan ayat (2), Pasal 6 ayat (1), Pasal 9 ayat (1) dan ayat (4), Pasal 14 ayat (1) dan ayat (5), Pasal 15 ayat (1), Pasal 17 ayat (4), Pasal 18 ayat (1), Pasal 21 ayat (2) dan ayat (3), Pasal 22 ayat (1), Pasal 23, Pasal 24 2019, No. 185 ayat (1), ayat (2), dan ayat (3), Pasal 25, Pasal 26 ayat (1), Pasal 28 ayat (1), Pasal 29, Pasal 30 ayat (1), Pasal 31, Pasal 32 ayat (1) dan ayat (2), Pasal 33, Pasal 34 ayat (1), Pasal 37 ayat (1) dan ayat (2), Pasal 38 ayat (3), Pasal 39 ayat (2), Pasal 40 ayat (1) dan ayat (2), Pasal 42 ayat (1) dan ayat (3), Pasal 51 ayat (1), Pasal 53 ayat (3), Pasal 55 ayat (2), Pasal 63 ayat (3), Pasal 64 ayat (1), Pasal 69 ayat (1), Pasal 82 ayat (7), Pasal 84 ayat (1) dan ayat (2), Pasal 87 ayat (2), dan Pasal 98 ayat (1), dikenai sanksi administratif. (2) Sanksi administratif sebagaimana dimaksud pada ayat (1) dapat berupa: a. teguran tertulis; b. denda administratif; c. penghentian sementara; d. pemutusan Akses; dan/atau e. dikeluarkan dari daftar. (3) Sanksi administratif diberikan oleh Menteri sesuai dengan ketentuan peraturan perundang-undangan. (4) Pengenaan sanksi administratif sebagaimana dimaksud pada ayat (2) huruf c dan huruf d dilakukan melalui koordinasi dengan pimpinan Kementerian atau Lembaga terkait. (5) Pengenaan sanksi administratif sebagaimana dimaksud pada ayat (2) dan ayat (3) tidak menghapuskan tanggung jawab pidana dan perdata."
PP_PSTE_No71_2019,Pasal 100,pasal_internal,Pasal 21 ayat (2),PP_PSTE_No71_2019,Pasal 21,True,1,"(1) Pelanggaran terhadap ketentuan Pasal 4, Pasal 5 ayat (1) dan ayat (2), Pasal 6 ayat (1), Pasal 9 ayat (1) dan ayat (4), Pasal 14 ayat (1) dan ayat (5), Pasal 15 ayat (1), Pasal 17 ayat (4), Pasal 18 ayat (1), Pasal 21 ayat (2) dan ayat (3), Pasal 22 ayat (1), Pasal 23, Pasal 24 2019, No. 185 ayat (1), ayat (2), dan ayat (3), Pasal 25, Pasal 26 ayat (1), Pasal 28 ayat (1), Pasal 29, Pasal 30 ayat (1), Pasal 31, Pasal 32 ayat (1) dan ayat (2), Pasal 33, Pasal 34 ayat (1), Pasal 37 ayat (1) dan ayat (2), Pasal 38 ayat (3), Pasal 39 ayat (2), Pasal 40 ayat (1) dan ayat (2), Pasal 42 ayat (1) dan ayat (3), Pasal 51 ayat (1), Pasal 53 ayat (3), Pasal 55 ayat (2), Pasal 63 ayat (3), Pasal 64 ayat (1), Pasal 69 ayat (1), Pasal 82 ayat (7), Pasal 84 ayat (1) dan ayat (2), Pasal 87 ayat (2), dan Pasal 98 ayat (1), dikenai sanksi administratif. (2) Sanksi administratif sebagaimana dimaksud pada ayat (1) dapat berupa: a. teguran tertulis; b. denda administratif; c. penghentian sementara; d. pemutusan Akses; dan/atau e. dikeluarkan dari daftar. (3) Sanksi administratif diberikan oleh Menteri sesuai dengan ketentuan peraturan perundang-undangan. (4) Pengenaan sanksi administratif sebagaimana dimaksud pada ayat (2) huruf c dan huruf d dilakukan melalui koordinasi dengan pimpinan Kementerian atau Lembaga terkait. (5) Pengenaan sanksi administratif sebagaimana dimaksud pada ayat (2) dan ayat (3) tidak menghapuskan tanggung jawab pidana dan perdata."
PP_PSTE_No71_2019,Pasal 100,pasal_internal,Pasal 22 ayat (1),PP_PSTE_No71_2019,Pasal 22,True,1,"(1) Pelanggaran terhadap ketentuan Pasal 4, Pasal 5 ayat (1) dan ayat (2), Pasal 6 ayat (1), Pasal 9 ayat (1) dan ayat (4), Pasal 14 ayat (1) dan ayat (5), Pasal 15 ayat (1), Pasal 17 ayat (4), Pasal 18 ayat (1), Pasal 21 ayat (2) dan ayat (3), Pasal 22 ayat (1), Pasal 23, Pasal 24 2019, No. 185 ayat (1), ayat (2), dan ayat (3), Pasal 25, Pasal 26 ayat (1), Pasal 28 ayat (1), Pasal 29, Pasal 30 ayat (1), Pasal 31, Pasal 32 ayat (1) dan ayat (2), Pasal 33, Pasal 34 ayat (1), Pasal 37 ayat (1) dan ayat (2), Pasal 38 ayat (3), Pasal 39 ayat (2), Pasal 40 ayat (1) dan ayat (2), Pasal 42 ayat (1) dan ayat (3), Pasal 51 ayat (1), Pasal 53 ayat (3), Pasal 55 ayat (2), Pasal 63 ayat (3), Pasal 64 ayat (1), Pasal 69 ayat (1), Pasal 82 ayat (7), Pasal 84 ayat (1) dan ayat (2), Pasal 87 ayat (2), dan Pasal 98 ayat (1), dikenai sanksi administratif. (2) Sanksi administratif sebagaimana dimaksud pada ayat (1) dapat berupa: a. teguran tertulis; b. denda administratif; c. penghentian sementara; d. pemutusan Akses; dan/atau e. dikeluarkan dari daftar. (3) Sanksi administratif diberikan oleh Menteri sesuai dengan ketentuan peraturan perundang-undangan. (4) Pengenaan sanksi administratif sebagaimana dimaksud pada ayat (2) huruf c dan huruf d dilakukan melalui koordinasi dengan pimpinan Kementerian atau Lembaga terkait. (5) Pengenaan sanksi administratif sebagaimana dimaksud pada ayat (2) dan ayat (3) tidak menghapuskan tanggung jawab pidana dan perdata."
PP_PSTE_No71_2019,Pasal 100,pasal_internal,Pasal 23,PP_PSTE_No71_2019,Pasal 23,True,1,"(1) Pelanggaran terhadap ketentuan Pasal 4, Pasal 5 ayat (1) dan ayat (2), Pasal 6 ayat (1), Pasal 9 ayat (1) dan ayat (4), Pasal 14 ayat (1) dan ayat (5), Pasal 15 ayat (1), Pasal 17 ayat (4), Pasal 18 ayat (1), Pasal 21 ayat (2) dan ayat (3), Pasal 22 ayat (1), Pasal 23, Pasal 24 2019, No. 185 ayat (1), ayat (2), dan ayat (3), Pasal 25, Pasal 26 ayat (1), Pasal 28 ayat (1), Pasal 29, Pasal 30 ayat (1), Pasal 31, Pasal 32 ayat (1) dan ayat (2), Pasal 33, Pasal 34 ayat (1), Pasal 37 ayat (1) dan ayat (2), Pasal 38 ayat (3), Pasal 39 ayat (2), Pasal 40 ayat (1) dan ayat (2), Pasal 42 ayat (1) dan ayat (3), Pasal 51 ayat (1), Pasal 53 ayat (3), Pasal 55 ayat (2), Pasal 63 ayat (3), Pasal 64 ayat (1), Pasal 69 ayat (1), Pasal 82 ayat (7), Pasal 84 ayat (1) dan ayat (2), Pasal 87 ayat (2), dan Pasal 98 ayat (1), dikenai sanksi administratif. (2) Sanksi administratif sebagaimana dimaksud pada ayat (1) dapat berupa: a. teguran tertulis; b. denda administratif; c. penghentian sementara; d. pemutusan Akses; dan/atau e. dikeluarkan dari daftar. (3) Sanksi administratif diberikan oleh Menteri sesuai dengan ketentuan peraturan perundang-undangan. (4) Pengenaan sanksi administratif sebagaimana dimaksud pada ayat (2) huruf c dan huruf d dilakukan melalui koordinasi dengan pimpinan Kementerian atau Lembaga terkait. (5) Pengenaan sanksi administratif sebagaimana dimaksud pada ayat (2) dan ayat (3) tidak menghapuskan tanggung jawab pidana dan perdata."
PP_PSTE_No71_2019,Pasal 100,pasal_internal,Pasal 24,PP_PSTE_No71_2019,Pasal 24,True,1,"(1) Pelanggaran terhadap ketentuan Pasal 4, Pasal 5 ayat (1) dan ayat (2), Pasal 6 ayat (1), Pasal 9 ayat (1) dan ayat (4), Pasal 14 ayat (1) dan ayat (5), Pasal 15 ayat (1), Pasal 17 ayat (4), Pasal 18 ayat (1), Pasal 21 ayat (2) dan ayat (3), Pasal 22 ayat (1), Pasal 23, Pasal 24 2019, No. 185 ayat (1), ayat (2), dan ayat (3), Pasal 25, Pasal 26 ayat (1), Pasal 28 ayat (1), Pasal 29, Pasal 30 ayat (1), Pasal 31, Pasal 32 ayat (1) dan ayat (2), Pasal 33, Pasal 34 ayat (1), Pasal 37 ayat (1) dan ayat (2), Pasal 38 ayat (3), Pasal 39 ayat (2), Pasal 40 ayat (1) dan ayat (2), Pasal 42 ayat (1) dan ayat (3), Pasal 51 ayat (1), Pasal 53 ayat (3), Pasal 55 ayat (2), Pasal 63 ayat (3), Pasal 64 ayat (1), Pasal 69 ayat (1), Pasal 82 ayat (7), Pasal 84 ayat (1) dan ayat (2), Pasal 87 ayat (2), dan Pasal 98 ayat (1), dikenai sanksi administratif. (2) Sanksi administratif sebagaimana dimaksud pada ayat (1) dapat berupa: a. teguran tertulis; b. denda administratif; c. penghentian sementara; d. pemutusan Akses; dan/atau e. dikeluarkan dari daftar. (3) Sanksi administratif diberikan oleh Menteri sesuai dengan ketentuan peraturan perundang-undangan. (4) Pengenaan sanksi administratif sebagaimana dimaksud pada ayat (2) huruf c dan huruf d dilakukan melalui koordinasi dengan pimpinan Kementerian atau Lembaga terkait. (5) Pengenaan sanksi administratif sebagaimana dimaksud pada ayat (2) dan ayat (3) tidak menghapuskan tanggung jawab pidana dan perdata."
PP_PSTE_No71_2019,Pasal 100,pasal_internal,Pasal 25,PP_PSTE_No71_2019,Pasal 25,True,1,"(1) Pelanggaran terhadap ketentuan Pasal 4, Pasal 5 ayat (1) dan ayat (2), Pasal 6 ayat (1), Pasal 9 ayat (1) dan ayat (4), Pasal 14 ayat (1) dan ayat (5), Pasal 15 ayat (1), Pasal 17 ayat (4), Pasal 18 ayat (1), Pasal 21 ayat (2) dan ayat (3), Pasal 22 ayat (1), Pasal 23, Pasal 24 2019, No. 185 ayat (1), ayat (2), dan ayat (3), Pasal 25, Pasal 26 ayat (1), Pasal 28 ayat (1), Pasal 29, Pasal 30 ayat (1), Pasal 31, Pasal 32 ayat (1) dan ayat (2), Pasal 33, Pasal 34 ayat (1), Pasal 37 ayat (1) dan ayat (2), Pasal 38 ayat (3), Pasal 39 ayat (2), Pasal 40 ayat (1) dan ayat (2), Pasal 42 ayat (1) dan ayat (3), Pasal 51 ayat (1), Pasal 53 ayat (3), Pasal 55 ayat (2), Pasal 63 ayat (3), Pasal 64 ayat (1), Pasal 69 ayat (1), Pasal 82 ayat (7), Pasal 84 ayat (1) dan ayat (2), Pasal 87 ayat (2), dan Pasal 98 ayat (1), dikenai sanksi administratif. (2) Sanksi administratif sebagaimana dimaksud pada ayat (1) dapat berupa: a. teguran tertulis; b. denda administratif; c. penghentian sementara; d. pemutusan Akses; dan/atau e. dikeluarkan dari daftar. (3) Sanksi administratif diberikan oleh Menteri sesuai dengan ketentuan peraturan perundang-undangan. (4) Pengenaan sanksi administratif sebagaimana dimaksud pada ayat (2) huruf c dan huruf d dilakukan melalui koordinasi dengan pimpinan Kementerian atau Lembaga terkait. (5) Pengenaan sanksi administratif sebagaimana dimaksud pada ayat (2) dan ayat (3) tidak menghapuskan tanggung jawab pidana dan perdata."
PP_PSTE_No71_2019,Pasal 100,pasal_internal,Pasal 26 ayat (1),PP_PSTE_No71_2019,Pasal 26,True,1,"(1) Pelanggaran terhadap ketentuan Pasal 4, Pasal 5 ayat (1) dan ayat (2), Pasal 6 ayat (1), Pasal 9 ayat (1) dan ayat (4), Pasal 14 ayat (1) dan ayat (5), Pasal 15 ayat (1), Pasal 17 ayat (4), Pasal 18 ayat (1), Pasal 21 ayat (2) dan ayat (3), Pasal 22 ayat (1), Pasal 23, Pasal 24 2019, No. 185 ayat (1), ayat (2), dan ayat (3), Pasal 25, Pasal 26 ayat (1), Pasal 28 ayat (1), Pasal 29, Pasal 30 ayat (1), Pasal 31, Pasal 32 ayat (1) dan ayat (2), Pasal 33, Pasal 34 ayat (1), Pasal 37 ayat (1) dan ayat (2), Pasal 38 ayat (3), Pasal 39 ayat (2), Pasal 40 ayat (1) dan ayat (2), Pasal 42 ayat (1) dan ayat (3), Pasal 51 ayat (1), Pasal 53 ayat (3), Pasal 55 ayat (2), Pasal 63 ayat (3), Pasal 64 ayat (1), Pasal 69 ayat (1), Pasal 82 ayat (7), Pasal 84 ayat (1) dan ayat (2), Pasal 87 ayat (2), dan Pasal 98 ayat (1), dikenai sanksi administratif. (2) Sanksi administratif sebagaimana dimaksud pada ayat (1) dapat berupa: a. teguran tertulis; b. denda administratif; c. penghentian sementara; d. pemutusan Akses; dan/atau e. dikeluarkan dari daftar. (3) Sanksi administratif diberikan oleh Menteri sesuai dengan ketentuan peraturan perundang-undangan. (4) Pengenaan sanksi administratif sebagaimana dimaksud pada ayat (2) huruf c dan huruf d dilakukan melalui koordinasi dengan pimpinan Kementerian atau Lembaga terkait. (5) Pengenaan sanksi administratif sebagaimana dimaksud pada ayat (2) dan ayat (3) tidak menghapuskan tanggung jawab pidana dan perdata."
PP_PSTE_No71_2019,Pasal 100,pasal_internal,Pasal 28 ayat (1),PP_PSTE_No71_2019,Pasal 28,True,1,"(1) Pelanggaran terhadap ketentuan Pasal 4, Pasal 5 ayat (1) dan ayat (2), Pasal 6 ayat (1), Pasal 9 ayat (1) dan ayat (4), Pasal 14 ayat (1) dan ayat (5), Pasal 15 ayat (1), Pasal 17 ayat (4), Pasal 18 ayat (1), Pasal 21 ayat (2) dan ayat (3), Pasal 22 ayat (1), Pasal 23, Pasal 24 2019, No. 185 ayat (1), ayat (2), dan ayat (3), Pasal 25, Pasal 26 ayat (1), Pasal 28 ayat (1), Pasal 29, Pasal 30 ayat (1), Pasal 31, Pasal 32 ayat (1) dan ayat (2), Pasal 33, Pasal 34 ayat (1), Pasal 37 ayat (1) dan ayat (2), Pasal 38 ayat (3), Pasal 39 ayat (2), Pasal 40 ayat (1) dan ayat (2), Pasal 42 ayat (1) dan ayat (3), Pasal 51 ayat (1), Pasal 53 ayat (3), Pasal 55 ayat (2), Pasal 63 ayat (3), Pasal 64 ayat (1), Pasal 69 ayat (1), Pasal 82 ayat (7), Pasal 84 ayat (1) dan ayat (2), Pasal 87 ayat (2), dan Pasal 98 ayat (1), dikenai sanksi administratif. (2) Sanksi administratif sebagaimana dimaksud pada ayat (1) dapat berupa: a. teguran tertulis; b. denda administratif; c. penghentian sementara; d. pemutusan Akses; dan/atau e. dikeluarkan dari daftar. (3) Sanksi administratif diberikan oleh Menteri sesuai dengan ketentuan peraturan perundang-undangan. (4) Pengenaan sanksi administratif sebagaimana dimaksud pada ayat (2) huruf c dan huruf d dilakukan melalui koordinasi dengan pimpinan Kementerian atau Lembaga terkait. (5) Pengenaan sanksi administratif sebagaimana dimaksud pada ayat (2) dan ayat (3) tidak menghapuskan tanggung jawab pidana dan perdata."
PP_PSTE_No71_2019,Pasal 100,pasal_internal,Pasal 29,PP_PSTE_No71_2019,Pasal 29,True,1,"(1) Pelanggaran terhadap ketentuan Pasal 4, Pasal 5 ayat (1) dan ayat (2), Pasal 6 ayat (1), Pasal 9 ayat (1) dan ayat (4), Pasal 14 ayat (1) dan ayat (5), Pasal 15 ayat (1), Pasal 17 ayat (4), Pasal 18 ayat (1), Pasal 21 ayat (2) dan ayat (3), Pasal 22 ayat (1), Pasal 23, Pasal 24 2019, No. 185 ayat (1), ayat (2), dan ayat (3), Pasal 25, Pasal 26 ayat (1), Pasal 28 ayat (1), Pasal 29, Pasal 30 ayat (1), Pasal 31, Pasal 32 ayat (1) dan ayat (2), Pasal 33, Pasal 34 ayat (1), Pasal 37 ayat (1) dan ayat (2), Pasal 38 ayat (3), Pasal 39 ayat (2), Pasal 40 ayat (1) dan ayat (2), Pasal 42 ayat (1) dan ayat (3), Pasal 51 ayat (1), Pasal 53 ayat (3), Pasal 55 ayat (2), Pasal 63 ayat (3), Pasal 64 ayat (1), Pasal 69 ayat (1), Pasal 82 ayat (7), Pasal 84 ayat (1) dan ayat (2), Pasal 87 ayat (2), dan Pasal 98 ayat (1), dikenai sanksi administratif. (2) Sanksi administratif sebagaimana dimaksud pada ayat (1) dapat berupa: a. teguran tertulis; b. denda administratif; c. penghentian sementara; d. pemutusan Akses; dan/atau e. dikeluarkan dari daftar. (3) Sanksi administratif diberikan oleh Menteri sesuai dengan ketentuan peraturan perundang-undangan. (4) Pengenaan sanksi administratif sebagaimana dimaksud pada ayat (2) huruf c dan huruf d dilakukan melalui koordinasi dengan pimpinan Kementerian atau Lembaga terkait. (5) Pengenaan sanksi administratif sebagaimana dimaksud pada ayat (2) dan ayat (3) tidak menghapuskan tanggung jawab pidana dan perdata."
PP_PSTE_No71_2019,Pasal 100,pasal_internal,Pasal 30 ayat (1),PP_PSTE_No71_2019,Pasal 30,True,1,"(1) Pelanggaran terhadap ketentuan Pasal 4, Pasal 5 ayat (1) dan ayat (2), Pasal 6 ayat (1), Pasal 9 ayat (1) dan ayat (4), Pasal 14 ayat (1) dan ayat (5), Pasal 15 ayat (1), Pasal 17 ayat (4), Pasal 18 ayat (1), Pasal 21 ayat (2) dan ayat (3), Pasal 22 ayat (1), Pasal 23, Pasal 24 2019, No. 185 ayat (1), ayat (2), dan ayat (3), Pasal 25, Pasal 26 ayat (1), Pasal 28 ayat (1), Pasal 29, Pasal 30 ayat (1), Pasal 31, Pasal 32 ayat (1) dan ayat (2), Pasal 33, Pasal 34 ayat (1), Pasal 37 ayat (1) dan ayat (2), Pasal 38 ayat (3), Pasal 39 ayat (2), Pasal 40 ayat (1) dan ayat (2), Pasal 42 ayat (1) dan ayat (3), Pasal 51 ayat (1), Pasal 53 ayat (3), Pasal 55 ayat (2), Pasal 63 ayat (3), Pasal 64 ayat (1), Pasal 69 ayat (1), Pasal 82 ayat (7), Pasal 84 ayat (1) dan ayat (2), Pasal 87 ayat (2), dan Pasal 98 ayat (1), dikenai sanksi administratif. (2) Sanksi administratif sebagaimana dimaksud pada ayat (1) dapat berupa: a. teguran tertulis; b. denda administratif; c. penghentian sementara; d. pemutusan Akses; dan/atau e. dikeluarkan dari daftar. (3) Sanksi administratif diberikan oleh Menteri sesuai dengan ketentuan peraturan perundang-undangan. (4) Pengenaan sanksi administratif sebagaimana dimaksud pada ayat (2) huruf c dan huruf d dilakukan melalui koordinasi dengan pimpinan Kementerian atau Lembaga terkait. (5) Pengenaan sanksi administratif sebagaimana dimaksud pada ayat (2) dan ayat (3) tidak menghapuskan tanggung jawab pidana dan perdata."
PP_PSTE_No71_2019,Pasal 100,pasal_internal,Pasal 31,PP_PSTE_No71_2019,Pasal 31,True,1,"(1) Pelanggaran terhadap ketentuan Pasal 4, Pasal 5 ayat (1) dan ayat (2), Pasal 6 ayat (1), Pasal 9 ayat (1) dan ayat (4), Pasal 14 ayat (1) dan ayat (5), Pasal 15 ayat (1), Pasal 17 ayat (4), Pasal 18 ayat (1), Pasal 21 ayat (2) dan ayat (3), Pasal 22 ayat (1), Pasal 23, Pasal 24 2019, No. 185 ayat (1), ayat (2), dan ayat (3), Pasal 25, Pasal 26 ayat (1), Pasal 28 ayat (1), Pasal 29, Pasal 30 ayat (1), Pasal 31, Pasal 32 ayat (1) dan ayat (2), Pasal 33, Pasal 34 ayat (1), Pasal 37 ayat (1) dan ayat (2), Pasal 38 ayat (3), Pasal 39 ayat (2), Pasal 40 ayat (1) dan ayat (2), Pasal 42 ayat (1) dan ayat (3), Pasal 51 ayat (1), Pasal 53 ayat (3), Pasal 55 ayat (2), Pasal 63 ayat (3), Pasal 64 ayat (1), Pasal 69 ayat (1), Pasal 82 ayat (7), Pasal 84 ayat (1) dan ayat (2), Pasal 87 ayat (2), dan Pasal 98 ayat (1), dikenai sanksi administratif. (2) Sanksi administratif sebagaimana dimaksud pada ayat (1) dapat berupa: a. teguran tertulis; b. denda administratif; c. penghentian sementara; d. pemutusan Akses; dan/atau e. dikeluarkan dari daftar. (3) Sanksi administratif diberikan oleh Menteri sesuai dengan ketentuan peraturan perundang-undangan. (4) Pengenaan sanksi administratif sebagaimana dimaksud pada ayat (2) huruf c dan huruf d dilakukan melalui koordinasi dengan pimpinan Kementerian atau Lembaga terkait. (5) Pengenaan sanksi administratif sebagaimana dimaksud pada ayat (2) dan ayat (3) tidak menghapuskan tanggung jawab pidana dan perdata."
PP_PSTE_No71_2019,Pasal 100,pasal_internal,Pasal 32 ayat (1),PP_PSTE_No71_2019,Pasal 32,True,1,"(1) Pelanggaran terhadap ketentuan Pasal 4, Pasal 5 ayat (1) dan ayat (2), Pasal 6 ayat (1), Pasal 9 ayat (1) dan ayat (4), Pasal 14 ayat (1) dan ayat (5), Pasal 15 ayat (1), Pasal 17 ayat (4), Pasal 18 ayat (1), Pasal 21 ayat (2) dan ayat (3), Pasal 22 ayat (1), Pasal 23, Pasal 24 2019, No. 185 ayat (1), ayat (2), dan ayat (3), Pasal 25, Pasal 26 ayat (1), Pasal 28 ayat (1), Pasal 29, Pasal 30 ayat (1), Pasal 31, Pasal 32 ayat (1) dan ayat (2), Pasal 33, Pasal 34 ayat (1), Pasal 37 ayat (1) dan ayat (2), Pasal 38 ayat (3), Pasal 39 ayat (2), Pasal 40 ayat (1) dan ayat (2), Pasal 42 ayat (1) dan ayat (3), Pasal 51 ayat (1), Pasal 53 ayat (3), Pasal 55 ayat (2), Pasal 63 ayat (3), Pasal 64 ayat (1), Pasal 69 ayat (1), Pasal 82 ayat (7), Pasal 84 ayat (1) dan ayat (2), Pasal 87 ayat (2), dan Pasal 98 ayat (1), dikenai sanksi administratif. (2) Sanksi administratif sebagaimana dimaksud pada ayat (1) dapat berupa: a. teguran tertulis; b. denda administratif; c. penghentian sementara; d. pemutusan Akses; dan/atau e. dikeluarkan dari daftar. (3) Sanksi administratif diberikan oleh Menteri sesuai dengan ketentuan peraturan perundang-undangan. (4) Pengenaan sanksi administratif sebagaimana dimaksud pada ayat (2) huruf c dan huruf d dilakukan melalui koordinasi dengan pimpinan Kementerian atau Lembaga terkait. (5) Pengenaan sanksi administratif sebagaimana dimaksud pada ayat (2) dan ayat (3) tidak menghapuskan tanggung jawab pidana dan perdata."
PP_PSTE_No71_2019,Pasal 100,pasal_internal,Pasal 33,PP_PSTE_No71_2019,Pasal 33,True,1,"(1) Pelanggaran terhadap ketentuan Pasal 4, Pasal 5 ayat (1) dan ayat (2), Pasal 6 ayat (1), Pasal 9 ayat (1) dan ayat (4), Pasal 14 ayat (1) dan ayat (5), Pasal 15 ayat (1), Pasal 17 ayat (4), Pasal 18 ayat (1), Pasal 21 ayat (2) dan ayat (3), Pasal 22 ayat (1), Pasal 23, Pasal 24 2019, No. 185 ayat (1), ayat (2), dan ayat (3), Pasal 25, Pasal 26 ayat (1), Pasal 28 ayat (1), Pasal 29, Pasal 30 ayat (1), Pasal 31, Pasal 32 ayat (1) dan ayat (2), Pasal 33, Pasal 34 ayat (1), Pasal 37 ayat (1) dan ayat (2), Pasal 38 ayat (3), Pasal 39 ayat (2), Pasal 40 ayat (1) dan ayat (2), Pasal 42 ayat (1) dan ayat (3), Pasal 51 ayat (1), Pasal 53 ayat (3), Pasal 55 ayat (2), Pasal 63 ayat (3), Pasal 64 ayat (1), Pasal 69 ayat (1), Pasal 82 ayat (7), Pasal 84 ayat (1) dan ayat (2), Pasal 87 ayat (2), dan Pasal 98 ayat (1), dikenai sanksi administratif. (2) Sanksi administratif sebagaimana dimaksud pada ayat (1) dapat berupa: a. teguran tertulis; b. denda administratif; c. penghentian sementara; d. pemutusan Akses; dan/atau e. dikeluarkan dari daftar. (3) Sanksi administratif diberikan oleh Menteri sesuai dengan ketentuan peraturan perundang-undangan. (4) Pengenaan sanksi administratif sebagaimana dimaksud pada ayat (2) huruf c dan huruf d dilakukan melalui koordinasi dengan pimpinan Kementerian atau Lembaga terkait. (5) Pengenaan sanksi administratif sebagaimana dimaksud pada ayat (2) dan ayat (3) tidak menghapuskan tanggung jawab pidana dan perdata."
PP_PSTE_No71_2019,Pasal 100,pasal_internal,Pasal 34 ayat (1),PP_PSTE_No71_2019,Pasal 34,True,1,"(1) Pelanggaran terhadap ketentuan Pasal 4, Pasal 5 ayat (1) dan ayat (2), Pasal 6 ayat (1), Pasal 9 ayat (1) dan ayat (4), Pasal 14 ayat (1) dan ayat (5), Pasal 15 ayat (1), Pasal 17 ayat (4), Pasal 18 ayat (1), Pasal 21 ayat (2) dan ayat (3), Pasal 22 ayat (1), Pasal 23, Pasal 24 2019, No. 185 ayat (1), ayat (2), dan ayat (3), Pasal 25, Pasal 26 ayat (1), Pasal 28 ayat (1), Pasal 29, Pasal 30 ayat (1), Pasal 31, Pasal 32 ayat (1) dan ayat (2), Pasal 33, Pasal 34 ayat (1), Pasal 37 ayat (1) dan ayat (2), Pasal 38 ayat (3), Pasal 39 ayat (2), Pasal 40 ayat (1) dan ayat (2), Pasal 42 ayat (1) dan ayat (3), Pasal 51 ayat (1), Pasal 53 ayat (3), Pasal 55 ayat (2), Pasal 63 ayat (3), Pasal 64 ayat (1), Pasal 69 ayat (1), Pasal 82 ayat (7), Pasal 84 ayat (1) dan ayat (2), Pasal 87 ayat (2), dan Pasal 98 ayat (1), dikenai sanksi administratif. (2) Sanksi administratif sebagaimana dimaksud pada ayat (1) dapat berupa: a. teguran tertulis; b. denda administratif; c. penghentian sementara; d. pemutusan Akses; dan/atau e. dikeluarkan dari daftar. (3) Sanksi administratif diberikan oleh Menteri sesuai dengan ketentuan peraturan perundang-undangan. (4) Pengenaan sanksi administratif sebagaimana dimaksud pada ayat (2) huruf c dan huruf d dilakukan melalui koordinasi dengan pimpinan Kementerian atau Lembaga terkait. (5) Pengenaan sanksi administratif sebagaimana dimaksud pada ayat (2) dan ayat (3) tidak menghapuskan tanggung jawab pidana dan perdata."
PP_PSTE_No71_2019,Pasal 100,pasal_internal,Pasal 37 ayat (1),PP_PSTE_No71_2019,Pasal 37,True,1,"(1) Pelanggaran terhadap ketentuan Pasal 4, Pasal 5 ayat (1) dan ayat (2), Pasal 6 ayat (1), Pasal 9 ayat (1) dan ayat (4), Pasal 14 ayat (1) dan ayat (5), Pasal 15 ayat (1), Pasal 17 ayat (4), Pasal 18 ayat (1), Pasal 21 ayat (2) dan ayat (3), Pasal 22 ayat (1), Pasal 23, Pasal 24 2019, No. 185 ayat (1), ayat (2), dan ayat (3), Pasal 25, Pasal 26 ayat (1), Pasal 28 ayat (1), Pasal 29, Pasal 30 ayat (1), Pasal 31, Pasal 32 ayat (1) dan ayat (2), Pasal 33, Pasal 34 ayat (1), Pasal 37 ayat (1) dan ayat (2), Pasal 38 ayat (3), Pasal 39 ayat (2), Pasal 40 ayat (1) dan ayat (2), Pasal 42 ayat (1) dan ayat (3), Pasal 51 ayat (1), Pasal 53 ayat (3), Pasal 55 ayat (2), Pasal 63 ayat (3), Pasal 64 ayat (1), Pasal 69 ayat (1), Pasal 82 ayat (7), Pasal 84 ayat (1) dan ayat (2), Pasal 87 ayat (2), dan Pasal 98 ayat (1), dikenai sanksi administratif. (2) Sanksi administratif sebagaimana dimaksud pada ayat (1) dapat berupa: a. teguran tertulis; b. denda administratif; c. penghentian sementara; d. pemutusan Akses; dan/atau e. dikeluarkan dari daftar. (3) Sanksi administratif diberikan oleh Menteri sesuai dengan ketentuan peraturan perundang-undangan. (4) Pengenaan sanksi administratif sebagaimana dimaksud pada ayat (2) huruf c dan huruf d dilakukan melalui koordinasi dengan pimpinan Kementerian atau Lembaga terkait. (5) Pengenaan sanksi administratif sebagaimana dimaksud pada ayat (2) dan ayat (3) tidak menghapuskan tanggung jawab pidana dan perdata."
PP_PSTE_No71_2019,Pasal 100,pasal_internal,Pasal 38 ayat (3),PP_PSTE_No71_2019,Pasal 38,True,1,"(1) Pelanggaran terhadap ketentuan Pasal 4, Pasal 5 ayat (1) dan ayat (2), Pasal 6 ayat (1), Pasal 9 ayat (1) dan ayat (4), Pasal 14 ayat (1) dan ayat (5), Pasal 15 ayat (1), Pasal 17 ayat (4), Pasal 18 ayat (1), Pasal 21 ayat (2) dan ayat (3), Pasal 22 ayat (1), Pasal 23, Pasal 24 2019, No. 185 ayat (1), ayat (2), dan ayat (3), Pasal 25, Pasal 26 ayat (1), Pasal 28 ayat (1), Pasal 29, Pasal 30 ayat (1), Pasal 31, Pasal 32 ayat (1) dan ayat (2), Pasal 33, Pasal 34 ayat (1), Pasal 37 ayat (1) dan ayat (2), Pasal 38 ayat (3), Pasal 39 ayat (2), Pasal 40 ayat (1) dan ayat (2), Pasal 42 ayat (1) dan ayat (3), Pasal 51 ayat (1), Pasal 53 ayat (3), Pasal 55 ayat (2), Pasal 63 ayat (3), Pasal 64 ayat (1), Pasal 69 ayat (1), Pasal 82 ayat (7), Pasal 84 ayat (1) dan ayat (2), Pasal 87 ayat (2), dan Pasal 98 ayat (1), dikenai sanksi administratif. (2) Sanksi administratif sebagaimana dimaksud pada ayat (1) dapat berupa: a. teguran tertulis; b. denda administratif; c. penghentian sementara; d. pemutusan Akses; dan/atau e. dikeluarkan dari daftar. (3) Sanksi administratif diberikan oleh Menteri sesuai dengan ketentuan peraturan perundang-undangan. (4) Pengenaan sanksi administratif sebagaimana dimaksud pada ayat (2) huruf c dan huruf d dilakukan melalui koordinasi dengan pimpinan Kementerian atau Lembaga terkait. (5) Pengenaan sanksi administratif sebagaimana dimaksud pada ayat (2) dan ayat (3) tidak menghapuskan tanggung jawab pidana dan perdata."
PP_PSTE_No71_2019,Pasal 100,pasal_internal,Pasal 39 ayat (2),PP_PSTE_No71_2019,Pasal 39,True,1,"(1) Pelanggaran terhadap ketentuan Pasal 4, Pasal 5 ayat (1) dan ayat (2), Pasal 6 ayat (1), Pasal 9 ayat (1) dan ayat (4), Pasal 14 ayat (1) dan ayat (5), Pasal 15 ayat (1), Pasal 17 ayat (4), Pasal 18 ayat (1), Pasal 21 ayat (2) dan ayat (3), Pasal 22 ayat (1), Pasal 23, Pasal 24 2019, No. 185 ayat (1), ayat (2), dan ayat (3), Pasal 25, Pasal 26 ayat (1), Pasal 28 ayat (1), Pasal 29, Pasal 30 ayat (1), Pasal 31, Pasal 32 ayat (1) dan ayat (2), Pasal 33, Pasal 34 ayat (1), Pasal 37 ayat (1) dan ayat (2), Pasal 38 ayat (3), Pasal 39 ayat (2), Pasal 40 ayat (1) dan ayat (2), Pasal 42 ayat (1) dan ayat (3), Pasal 51 ayat (1), Pasal 53 ayat (3), Pasal 55 ayat (2), Pasal 63 ayat (3), Pasal 64 ayat (1), Pasal 69 ayat (1), Pasal 82 ayat (7), Pasal 84 ayat (1) dan ayat (2), Pasal 87 ayat (2), dan Pasal 98 ayat (1), dikenai sanksi administratif. (2) Sanksi administratif sebagaimana dimaksud pada ayat (1) dapat berupa: a. teguran tertulis; b. denda administratif; c. penghentian sementara; d. pemutusan Akses; dan/atau e. dikeluarkan dari daftar. (3) Sanksi administratif diberikan oleh Menteri sesuai dengan ketentuan peraturan perundang-undangan. (4) Pengenaan sanksi administratif sebagaimana dimaksud pada ayat (2) huruf c dan huruf d dilakukan melalui koordinasi dengan pimpinan Kementerian atau Lembaga terkait. (5) Pengenaan sanksi administratif sebagaimana dimaksud pada ayat (2) dan ayat (3) tidak menghapuskan tanggung jawab pidana dan perdata."
PP_PSTE_No71_2019,Pasal 100,pasal_internal,Pasal 40 ayat (1),PP_PSTE_No71_2019,Pasal 40,True,1,"(1) Pelanggaran terhadap ketentuan Pasal 4, Pasal 5 ayat (1) dan ayat (2), Pasal 6 ayat (1), Pasal 9 ayat (1) dan ayat (4), Pasal 14 ayat (1) dan ayat (5), Pasal 15 ayat (1), Pasal 17 ayat (4), Pasal 18 ayat (1), Pasal 21 ayat (2) dan ayat (3), Pasal 22 ayat (1), Pasal 23, Pasal 24 2019, No. 185 ayat (1), ayat (2), dan ayat (3), Pasal 25, Pasal 26 ayat (1), Pasal 28 ayat (1), Pasal 29, Pasal 30 ayat (1), Pasal 31, Pasal 32 ayat (1) dan ayat (2), Pasal 33, Pasal 34 ayat (1), Pasal 37 ayat (1) dan ayat (2), Pasal 38 ayat (3), Pasal 39 ayat (2), Pasal 40 ayat (1) dan ayat (2), Pasal 42 ayat (1) dan ayat (3), Pasal 51 ayat (1), Pasal 53 ayat (3), Pasal 55 ayat (2), Pasal 63 ayat (3), Pasal 64 ayat (1), Pasal 69 ayat (1), Pasal 82 ayat (7), Pasal 84 ayat (1) dan ayat (2), Pasal 87 ayat (2), dan Pasal 98 ayat (1), dikenai sanksi administratif. (2) Sanksi administratif sebagaimana dimaksud pada ayat (1) dapat berupa: a. teguran tertulis; b. denda administratif; c. penghentian sementara; d. pemutusan Akses; dan/atau e. dikeluarkan dari daftar. (3) Sanksi administratif diberikan oleh Menteri sesuai dengan ketentuan peraturan perundang-undangan. (4) Pengenaan sanksi administratif sebagaimana dimaksud pada ayat (2) huruf c dan huruf d dilakukan melalui koordinasi dengan pimpinan Kementerian atau Lembaga terkait. (5) Pengenaan sanksi administratif sebagaimana dimaksud pada ayat (2) dan ayat (3) tidak menghapuskan tanggung jawab pidana dan perdata."
PP_PSTE_No71_2019,Pasal 100,pasal_internal,Pasal 42 ayat (1),PP_PSTE_No71_2019,Pasal 42,True,1,"(1) Pelanggaran terhadap ketentuan Pasal 4, Pasal 5 ayat (1) dan ayat (2), Pasal 6 ayat (1), Pasal 9 ayat (1) dan ayat (4), Pasal 14 ayat (1) dan ayat (5), Pasal 15 ayat (1), Pasal 17 ayat (4), Pasal 18 ayat (1), Pasal 21 ayat (2) dan ayat (3), Pasal 22 ayat (1), Pasal 23, Pasal 24 2019, No. 185 ayat (1), ayat (2), dan ayat (3), Pasal 25, Pasal 26 ayat (1), Pasal 28 ayat (1), Pasal 29, Pasal 30 ayat (1), Pasal 31, Pasal 32 ayat (1) dan ayat (2), Pasal 33, Pasal 34 ayat (1), Pasal 37 ayat (1) dan ayat (2), Pasal 38 ayat (3), Pasal 39 ayat (2), Pasal 40 ayat (1) dan ayat (2), Pasal 42 ayat (1) dan ayat (3), Pasal 51 ayat (1), Pasal 53 ayat (3), Pasal 55 ayat (2), Pasal 63 ayat (3), Pasal 64 ayat (1), Pasal 69 ayat (1), Pasal 82 ayat (7), Pasal 84 ayat (1) dan ayat (2), Pasal 87 ayat (2), dan Pasal 98 ayat (1), dikenai sanksi administratif. (2) Sanksi administratif sebagaimana dimaksud pada ayat (1) dapat berupa: a. teguran tertulis; b. denda administratif; c. penghentian sementara; d. pemutusan Akses; dan/atau e. dikeluarkan dari daftar. (3) Sanksi administratif diberikan oleh Menteri sesuai dengan ketentuan peraturan perundang-undangan. (4) Pengenaan sanksi administratif sebagaimana dimaksud pada ayat (2) huruf c dan huruf d dilakukan melalui koordinasi dengan pimpinan Kementerian atau Lembaga terkait. (5) Pengenaan sanksi administratif sebagaimana dimaksud pada ayat (2) dan ayat (3) tidak menghapuskan tanggung jawab pidana dan perdata."
PP_PSTE_No71_2019,Pasal 100,pasal_internal,Pasal 51 ayat (1),PP_PSTE_No71_2019,Pasal 51,True,1,"(1) Pelanggaran terhadap ketentuan Pasal 4, Pasal 5 ayat (1) dan ayat (2), Pasal 6 ayat (1), Pasal 9 ayat (1) dan ayat (4), Pasal 14 ayat (1) dan ayat (5), Pasal 15 ayat (1), Pasal 17 ayat (4), Pasal 18 ayat (1), Pasal 21 ayat (2) dan ayat (3), Pasal 22 ayat (1), Pasal 23, Pasal 24 2019, No. 185 ayat (1), ayat (2), dan ayat (3), Pasal 25, Pasal 26 ayat (1), Pasal 28 ayat (1), Pasal 29, Pasal 30 ayat (1), Pasal 31, Pasal 32 ayat (1) dan ayat (2), Pasal 33, Pasal 34 ayat (1), Pasal 37 ayat (1) dan ayat (2), Pasal 38 ayat (3), Pasal 39 ayat (2), Pasal 40 ayat (1) dan ayat (2), Pasal 42 ayat (1) dan ayat (3), Pasal 51 ayat (1), Pasal 53 ayat (3), Pasal 55 ayat (2), Pasal 63 ayat (3), Pasal 64 ayat (1), Pasal 69 ayat (1), Pasal 82 ayat (7), Pasal 84 ayat (1) dan ayat (2), Pasal 87 ayat (2), dan Pasal 98 ayat (1), dikenai sanksi administratif. (2) Sanksi administratif sebagaimana dimaksud pada ayat (1) dapat berupa: a. teguran tertulis; b. denda administratif; c. penghentian sementara; d. pemutusan Akses; dan/atau e. dikeluarkan dari daftar. (3) Sanksi administratif diberikan oleh Menteri sesuai dengan ketentuan peraturan perundang-undangan. (4) Pengenaan sanksi administratif sebagaimana dimaksud pada ayat (2) huruf c dan huruf d dilakukan melalui koordinasi dengan pimpinan Kementerian atau Lembaga terkait. (5) Pengenaan sanksi administratif sebagaimana dimaksud pada ayat (2) dan ayat (3) tidak menghapuskan tanggung jawab pidana dan perdata."
PP_PSTE_No71_2019,Pasal 100,pasal_internal,Pasal 53 ayat (3),PP_PSTE_No71_2019,Pasal 53,True,1,"(1) Pelanggaran terhadap ketentuan Pasal 4, Pasal 5 ayat (1) dan ayat (2), Pasal 6 ayat (1), Pasal 9 ayat (1) dan ayat (4), Pasal 14 ayat (1) dan ayat (5), Pasal 15 ayat (1), Pasal 17 ayat (4), Pasal 18 ayat (1), Pasal 21 ayat (2) dan ayat (3), Pasal 22 ayat (1), Pasal 23, Pasal 24 2019, No. 185 ayat (1), ayat (2), dan ayat (3), Pasal 25, Pasal 26 ayat (1), Pasal 28 ayat (1), Pasal 29, Pasal 30 ayat (1), Pasal 31, Pasal 32 ayat (1) dan ayat (2), Pasal 33, Pasal 34 ayat (1), Pasal 37 ayat (1) dan ayat (2), Pasal 38 ayat (3), Pasal 39 ayat (2), Pasal 40 ayat (1) dan ayat (2), Pasal 42 ayat (1) dan ayat (3), Pasal 51 ayat (1), Pasal 53 ayat (3), Pasal 55 ayat (2), Pasal 63 ayat (3), Pasal 64 ayat (1), Pasal 69 ayat (1), Pasal 82 ayat (7), Pasal 84 ayat (1) dan ayat (2), Pasal 87 ayat (2), dan Pasal 98 ayat (1), dikenai sanksi administratif. (2) Sanksi administratif sebagaimana dimaksud pada ayat (1) dapat berupa: a. teguran tertulis; b. denda administratif; c. penghentian sementara; d. pemutusan Akses; dan/atau e. dikeluarkan dari daftar. (3) Sanksi administratif diberikan oleh Menteri sesuai dengan ketentuan peraturan perundang-undangan. (4) Pengenaan sanksi administratif sebagaimana dimaksud pada ayat (2) huruf c dan huruf d dilakukan melalui koordinasi dengan pimpinan Kementerian atau Lembaga terkait. (5) Pengenaan sanksi administratif sebagaimana dimaksud pada ayat (2) dan ayat (3) tidak menghapuskan tanggung jawab pidana dan perdata."
PP_PSTE_No71_2019,Pasal 100,pasal_internal,Pasal 55 ayat (2),PP_PSTE_No71_2019,Pasal 55,True,1,"(1) Pelanggaran terhadap ketentuan Pasal 4, Pasal 5 ayat (1) dan ayat (2), Pasal 6 ayat (1), Pasal 9 ayat (1) dan ayat (4), Pasal 14 ayat (1) dan ayat (5), Pasal 15 ayat (1), Pasal 17 ayat (4), Pasal 18 ayat (1), Pasal 21 ayat (2) dan ayat (3), Pasal 22 ayat (1), Pasal 23, Pasal 24 2019, No. 185 ayat (1), ayat (2), dan ayat (3), Pasal 25, Pasal 26 ayat (1), Pasal 28 ayat (1), Pasal 29, Pasal 30 ayat (1), Pasal 31, Pasal 32 ayat (1) dan ayat (2), Pasal 33, Pasal 34 ayat (1), Pasal 37 ayat (1) dan ayat (2), Pasal 38 ayat (3), Pasal 39 ayat (2), Pasal 40 ayat (1) dan ayat (2), Pasal 42 ayat (1) dan ayat (3), Pasal 51 ayat (1), Pasal 53 ayat (3), Pasal 55 ayat (2), Pasal 63 ayat (3), Pasal 64 ayat (1), Pasal 69 ayat (1), Pasal 82 ayat (7), Pasal 84 ayat (1) dan ayat (2), Pasal 87 ayat (2), dan Pasal 98 ayat (1), dikenai sanksi administratif. (2) Sanksi administratif sebagaimana dimaksud pada ayat (1) dapat berupa: a. teguran tertulis; b. denda administratif; c. penghentian sementara; d. pemutusan Akses; dan/atau e. dikeluarkan dari daftar. (3) Sanksi administratif diberikan oleh Menteri sesuai dengan ketentuan peraturan perundang-undangan. (4) Pengenaan sanksi administratif sebagaimana dimaksud pada ayat (2) huruf c dan huruf d dilakukan melalui koordinasi dengan pimpinan Kementerian atau Lembaga terkait. (5) Pengenaan sanksi administratif sebagaimana dimaksud pada ayat (2) dan ayat (3) tidak menghapuskan tanggung jawab pidana dan perdata."
PP_PSTE_No71_2019,Pasal 100,pasal_internal,Pasal 63 ayat (3),PP_PSTE_No71_2019,Pasal 63,True,1,"(1) Pelanggaran terhadap ketentuan Pasal 4, Pasal 5 ayat (1) dan ayat (2), Pasal 6 ayat (1), Pasal 9 ayat (1) dan ayat (4), Pasal 14 ayat (1) dan ayat (5), Pasal 15 ayat (1), Pasal 17 ayat (4), Pasal 18 ayat (1), Pasal 21 ayat (2) dan ayat (3), Pasal 22 ayat (1), Pasal 23, Pasal 24 2019, No. 185 ayat (1), ayat (2), dan ayat (3), Pasal 25, Pasal 26 ayat (1), Pasal 28 ayat (1), Pasal 29, Pasal 30 ayat (1), Pasal 31, Pasal 32 ayat (1) dan ayat (2), Pasal 33, Pasal 34 ayat (1), Pasal 37 ayat (1) dan ayat (2), Pasal 38 ayat (3), Pasal 39 ayat (2), Pasal 40 ayat (1) dan ayat (2), Pasal 42 ayat (1) dan ayat (3), Pasal 51 ayat (1), Pasal 53 ayat (3), Pasal 55 ayat (2), Pasal 63 ayat (3), Pasal 64 ayat (1), Pasal 69 ayat (1), Pasal 82 ayat (7), Pasal 84 ayat (1) dan ayat (2), Pasal 87 ayat (2), dan Pasal 98 ayat (1), dikenai sanksi administratif. (2) Sanksi administratif sebagaimana dimaksud pada ayat (1) dapat berupa: a. teguran tertulis; b. denda administratif; c. penghentian sementara; d. pemutusan Akses; dan/atau e. dikeluarkan dari daftar. (3) Sanksi administratif diberikan oleh Menteri sesuai dengan ketentuan peraturan perundang-undangan. (4) Pengenaan sanksi administratif sebagaimana dimaksud pada ayat (2) huruf c dan huruf d dilakukan melalui koordinasi dengan pimpinan Kementerian atau Lembaga terkait. (5) Pengenaan sanksi administratif sebagaimana dimaksud pada ayat (2) dan ayat (3) tidak menghapuskan tanggung jawab pidana dan perdata."
PP_PSTE_No71_2019,Pasal 100,pasal_internal,Pasal 64 ayat (1),PP_PSTE_No71_2019,Pasal 64,True,1,"(1) Pelanggaran terhadap ketentuan Pasal 4, Pasal 5 ayat (1) dan ayat (2), Pasal 6 ayat (1), Pasal 9 ayat (1) dan ayat (4), Pasal 14 ayat (1) dan ayat (5), Pasal 15 ayat (1), Pasal 17 ayat (4), Pasal 18 ayat (1), Pasal 21 ayat (2) dan ayat (3), Pasal 22 ayat (1), Pasal 23, Pasal 24 2019, No. 185 ayat (1), ayat (2), dan ayat (3), Pasal 25, Pasal 26 ayat (1), Pasal 28 ayat (1), Pasal 29, Pasal 30 ayat (1), Pasal 31, Pasal 32 ayat (1) dan ayat (2), Pasal 33, Pasal 34 ayat (1), Pasal 37 ayat (1) dan ayat (2), Pasal 38 ayat (3), Pasal 39 ayat (2), Pasal 40 ayat (1) dan ayat (2), Pasal 42 ayat (1) dan ayat (3), Pasal 51 ayat (1), Pasal 53 ayat (3), Pasal 55 ayat (2), Pasal 63 ayat (3), Pasal 64 ayat (1), Pasal 69 ayat (1), Pasal 82 ayat (7), Pasal 84 ayat (1) dan ayat (2), Pasal 87 ayat (2), dan Pasal 98 ayat (1), dikenai sanksi administratif. (2) Sanksi administratif sebagaimana dimaksud pada ayat (1) dapat berupa: a. teguran tertulis; b. denda administratif; c. penghentian sementara; d. pemutusan Akses; dan/atau e. dikeluarkan dari daftar. (3) Sanksi administratif diberikan oleh Menteri sesuai dengan ketentuan peraturan perundang-undangan. (4) Pengenaan sanksi administratif sebagaimana dimaksud pada ayat (2) huruf c dan huruf d dilakukan melalui koordinasi dengan pimpinan Kementerian atau Lembaga terkait. (5) Pengenaan sanksi administratif sebagaimana dimaksud pada ayat (2) dan ayat (3) tidak menghapuskan tanggung jawab pidana dan perdata."
PP_PSTE_No71_2019,Pasal 100,pasal_internal,Pasal 69 ayat (1),PP_PSTE_No71_2019,Pasal 69,True,1,"(1) Pelanggaran terhadap ketentuan Pasal 4, Pasal 5 ayat (1) dan ayat (2), Pasal 6 ayat (1), Pasal 9 ayat (1) dan ayat (4), Pasal 14 ayat (1) dan ayat (5), Pasal 15 ayat (1), Pasal 17 ayat (4), Pasal 18 ayat (1), Pasal 21 ayat (2) dan ayat (3), Pasal 22 ayat (1), Pasal 23, Pasal 24 2019, No. 185 ayat (1), ayat (2), dan ayat (3), Pasal 25, Pasal 26 ayat (1), Pasal 28 ayat (1), Pasal 29, Pasal 30 ayat (1), Pasal 31, Pasal 32 ayat (1) dan ayat (2), Pasal 33, Pasal 34 ayat (1), Pasal 37 ayat (1) dan ayat (2), Pasal 38 ayat (3), Pasal 39 ayat (2), Pasal 40 ayat (1) dan ayat (2), Pasal 42 ayat (1) dan ayat (3), Pasal 51 ayat (1), Pasal 53 ayat (3), Pasal 55 ayat (2), Pasal 63 ayat (3), Pasal 64 ayat (1), Pasal 69 ayat (1), Pasal 82 ayat (7), Pasal 84 ayat (1) dan ayat (2), Pasal 87 ayat (2), dan Pasal 98 ayat (1), dikenai sanksi administratif. (2) Sanksi administratif sebagaimana dimaksud pada ayat (1) dapat berupa: a. teguran tertulis; b. denda administratif; c. penghentian sementara; d. pemutusan Akses; dan/atau e. dikeluarkan dari daftar. (3) Sanksi administratif diberikan oleh Menteri sesuai dengan ketentuan peraturan perundang-undangan. (4) Pengenaan sanksi administratif sebagaimana dimaksud pada ayat (2) huruf c dan huruf d dilakukan melalui koordinasi dengan pimpinan Kementerian atau Lembaga terkait. (5) Pengenaan sanksi administratif sebagaimana dimaksud pada ayat (2) dan ayat (3) tidak menghapuskan tanggung jawab pidana dan perdata."
PP_PSTE_No71_2019,Pasal 100,pasal_internal,Pasal 82 ayat (7),PP_PSTE_No71_2019,Pasal 82,True,1,"(1) Pelanggaran terhadap ketentuan Pasal 4, Pasal 5 ayat (1) dan ayat (2), Pasal 6 ayat (1), Pasal 9 ayat (1) dan ayat (4), Pasal 14 ayat (1) dan ayat (5), Pasal 15 ayat (1), Pasal 17 ayat (4), Pasal 18 ayat (1), Pasal 21 ayat (2) dan ayat (3), Pasal 22 ayat (1), Pasal 23, Pasal 24 2019, No. 185 ayat (1), ayat (2), dan ayat (3), Pasal 25, Pasal 26 ayat (1), Pasal 28 ayat (1), Pasal 29, Pasal 30 ayat (1), Pasal 31, Pasal 32 ayat (1) dan ayat (2), Pasal 33, Pasal 34 ayat (1), Pasal 37 ayat (1) dan ayat (2), Pasal 38 ayat (3), Pasal 39 ayat (2), Pasal 40 ayat (1) dan ayat (2), Pasal 42 ayat (1) dan ayat (3), Pasal 51 ayat (1), Pasal 53 ayat (3), Pasal 55 ayat (2), Pasal 63 ayat (3), Pasal 64 ayat (1), Pasal 69 ayat (1), Pasal 82 ayat (7), Pasal 84 ayat (1) dan ayat (2), Pasal 87 ayat (2), dan Pasal 98 ayat (1), dikenai sanksi administratif. (2) Sanksi administratif sebagaimana dimaksud pada ayat (1) dapat berupa: a. teguran tertulis; b. denda administratif; c. penghentian sementara; d. pemutusan Akses; dan/atau e. dikeluarkan dari daftar. (3) Sanksi administratif diberikan oleh Menteri sesuai dengan ketentuan peraturan perundang-undangan. (4) Pengenaan sanksi administratif sebagaimana dimaksud pada ayat (2) huruf c dan huruf d dilakukan melalui koordinasi dengan pimpinan Kementerian atau Lembaga terkait. (5) Pengenaan sanksi administratif sebagaimana dimaksud pada ayat (2) dan ayat (3) tidak menghapuskan tanggung jawab pidana dan perdata."
PP_PSTE_No71_2019,Pasal 100,pasal_internal,Pasal 84 ayat (1),PP_PSTE_No71_2019,Pasal 84,True,1,"(1) Pelanggaran terhadap ketentuan Pasal 4, Pasal 5 ayat (1) dan ayat (2), Pasal 6 ayat (1), Pasal 9 ayat (1) dan ayat (4), Pasal 14 ayat (1) dan ayat (5), Pasal 15 ayat (1), Pasal 17 ayat (4), Pasal 18 ayat (1), Pasal 21 ayat (2) dan ayat (3), Pasal 22 ayat (1), Pasal 23, Pasal 24 2019, No. 185 ayat (1), ayat (2), dan ayat (3), Pasal 25, Pasal 26 ayat (1), Pasal 28 ayat (1), Pasal 29, Pasal 30 ayat (1), Pasal 31, Pasal 32 ayat (1) dan ayat (2), Pasal 33, Pasal 34 ayat (1), Pasal 37 ayat (1) dan ayat (2), Pasal 38 ayat (3), Pasal 39 ayat (2), Pasal 40 ayat (1) dan ayat (2), Pasal 42 ayat (1) dan ayat (3), Pasal 51 ayat (1), Pasal 53 ayat (3), Pasal 55 ayat (2), Pasal 63 ayat (3), Pasal 64 ayat (1), Pasal 69 ayat (1), Pasal 82 ayat (7), Pasal 84 ayat (1) dan ayat (2), Pasal 87 ayat (2), dan Pasal 98 ayat (1), dikenai sanksi administratif. (2) Sanksi administratif sebagaimana dimaksud pada ayat (1) dapat berupa: a. teguran tertulis; b. denda administratif; c. penghentian sementara; d. pemutusan Akses; dan/atau e. dikeluarkan dari daftar. (3) Sanksi administratif diberikan oleh Menteri sesuai dengan ketentuan peraturan perundang-undangan. (4) Pengenaan sanksi administratif sebagaimana dimaksud pada ayat (2) huruf c dan huruf d dilakukan melalui koordinasi dengan pimpinan Kementerian atau Lembaga terkait. (5) Pengenaan sanksi administratif sebagaimana dimaksud pada ayat (2) dan ayat (3) tidak menghapuskan tanggung jawab pidana dan perdata."
PP_PSTE_No71_2019,Pasal 100,pasal_internal,Pasal 87 ayat (2),PP_PSTE_No71_2019,Pasal 87,True,1,"(1) Pelanggaran terhadap ketentuan Pasal 4, Pasal 5 ayat (1) dan ayat (2), Pasal 6 ayat (1), Pasal 9 ayat (1) dan ayat (4), Pasal 14 ayat (1) dan ayat (5), Pasal 15 ayat (1), Pasal 17 ayat (4), Pasal 18 ayat (1), Pasal 21 ayat (2) dan ayat (3), Pasal 22 ayat (1), Pasal 23, Pasal 24 2019, No. 185 ayat (1), ayat (2), dan ayat (3), Pasal 25, Pasal 26 ayat (1), Pasal 28 ayat (1), Pasal 29, Pasal 30 ayat (1), Pasal 31, Pasal 32 ayat (1) dan ayat (2), Pasal 33, Pasal 34 ayat (1), Pasal 37 ayat (1) dan ayat (2), Pasal 38 ayat (3), Pasal 39 ayat (2), Pasal 40 ayat (1) dan ayat (2), Pasal 42 ayat (1) dan ayat (3), Pasal 51 ayat (1), Pasal 53 ayat (3), Pasal 55 ayat (2), Pasal 63 ayat (3), Pasal 64 ayat (1), Pasal 69 ayat (1), Pasal 82 ayat (7), Pasal 84 ayat (1) dan ayat (2), Pasal 87 ayat (2), dan Pasal 98 ayat (1), dikenai sanksi administratif. (2) Sanksi administratif sebagaimana dimaksud pada ayat (1) dapat berupa: a. teguran tertulis; b. denda administratif; c. penghentian sementara; d. pemutusan Akses; dan/atau e. dikeluarkan dari daftar. (3) Sanksi administratif diberikan oleh Menteri sesuai dengan ketentuan peraturan perundang-undangan. (4) Pengenaan sanksi administratif sebagaimana dimaksud pada ayat (2) huruf c dan huruf d dilakukan melalui koordinasi dengan pimpinan Kementerian atau Lembaga terkait. (5) Pengenaan sanksi administratif sebagaimana dimaksud pada ayat (2) dan ayat (3) tidak menghapuskan tanggung jawab pidana dan perdata."
PP_PSTE_No71_2019,Pasal 100,pasal_internal,Pasal 98 ayat (1),PP_PSTE_No71_2019,Pasal 98,True,1,"(1) Pelanggaran terhadap ketentuan Pasal 4, Pasal 5 ayat (1) dan ayat (2), Pasal 6 ayat (1), Pasal 9 ayat (1) dan ayat (4), Pasal 14 ayat (1) dan ayat (5), Pasal 15 ayat (1), Pasal 17 ayat (4), Pasal 18 ayat (1), Pasal 21 ayat (2) dan ayat (3), Pasal 22 ayat (1), Pasal 23, Pasal 24 2019, No. 185 ayat (1), ayat (2), dan ayat (3), Pasal 25, Pasal 26 ayat (1), Pasal 28 ayat (1), Pasal 29, Pasal 30 ayat (1), Pasal 31, Pasal 32 ayat (1) dan ayat (2), Pasal 33, Pasal 34 ayat (1), Pasal 37 ayat (1) dan ayat (2), Pasal 38 ayat (3), Pasal 39 ayat (2), Pasal 40 ayat (1) dan ayat (2), Pasal 42 ayat (1) dan ayat (3), Pasal 51 ayat (1), Pasal 53 ayat (3), Pasal 55 ayat (2), Pasal 63 ayat (3), Pasal 64 ayat (1), Pasal 69 ayat (1), Pasal 82 ayat (7), Pasal 84 ayat (1) dan ayat (2), Pasal 87 ayat (2), dan Pasal 98 ayat (1), dikenai sanksi administratif. (2) Sanksi administratif sebagaimana dimaksud pada ayat (1) dapat berupa: a. teguran tertulis; b. denda administratif; c. penghentian sementara; d. pemutusan Akses; dan/atau e. dikeluarkan dari daftar. (3) Sanksi administratif diberikan oleh Menteri sesuai dengan ketentuan peraturan perundang-undangan. (4) Pengenaan sanksi administratif sebagaimana dimaksud pada ayat (2) huruf c dan huruf d dilakukan melalui koordinasi dengan pimpinan Kementerian atau Lembaga terkait. (5) Pengenaan sanksi administratif sebagaimana dimaksud pada ayat (2) dan ayat (3) tidak menghapuskan tanggung jawab pidana dan perdata."
PP_PSTE_No71_2019,Pembukaan,pasal_external,Pasal 5 ayat (2) UUD 1945,,Pasal 5,False,1,"Menimbang : a. b. bahwa Peraturan Pemerintah Nomor 82 Tahun 2012 tentang Penyelenggaraan Sistem dan Transaksi Elektronik sudah tidak sesuai lagi dengan perkembangan kebutuhan hukum masyarakat sehingga perlu diganti; c. bahwa berdasarkan pertimbangan sebagaimana dimaksud dalam huruf a dan huruf b, perlu menetapkan Peraturan Pemerintah tentang Penyelenggaraan Sistem dan Transaksi Elektronik; Mengingat : 1. bahwa dengan adanya perkembangan teknologi informasi yang sangat pesat dalam rangka mendorong pertumbuhan ekonomi digital dan penegakan kedaulatan negara atas informasi elektronik di wilayah Negara Kesatuan Republik Indonesia, perlu pengaturan secara menyeluruh pemanfaatan teknologi informasi dan transaksi elektronik; Pasal 5 ayat (2) Undang-Undang Dasar Negara Republik Indonesia Tahun 1945; 2019, No. 185 2. Undang-Undang Nomor 11 Tahun 2008 tentang Informasi dan Transaksi Elektronik (Lembaran Negara Republik Indonesia Tahun 2008 Nomor 58, Tambahan Lembaran Negara Republik Indonesia Nomor 4843) sebagaimana telah diubah dengan Undang-Undang Nomor 19 Tahun 2016 tentang Perubahan Atas Undang-Undang Nomor 11 Tahun 2008 tentang Informasi dan Transaksi Elektronik (Lembaran Negara Republik Indonesia Tahun 2016 Nomor 251, Tambahan Lembaran Negara Republik Indonesia Nomor 5952);"
PP_PSTE_No71_2019,Pembukaan,regulation,PP 82/2012,,,False,1,"Menimbang : a. b. bahwa Peraturan Pemerintah Nomor 82 Tahun 2012 tentang Penyelenggaraan Sistem dan Transaksi Elektronik sudah tidak sesuai lagi dengan perkembangan kebutuhan hukum masyarakat sehingga perlu diganti; c. bahwa berdasarkan pertimbangan sebagaimana dimaksud dalam huruf a dan huruf b, perlu menetapkan Peraturan Pemerintah tentang Penyelenggaraan Sistem dan Transaksi Elektronik; Mengingat : 1. bahwa dengan adanya perkembangan teknologi informasi yang sangat pesat dalam rangka mendorong pertumbuhan ekonomi digital dan penegakan kedaulatan negara atas informasi elektronik di wilayah Negara Kesatuan Republik Indonesia, perlu pengaturan secara menyeluruh pemanfaatan teknologi informasi dan transaksi elektronik; Pasal 5 ayat (2) Undang-Undang Dasar Negara Republik Indonesia Tahun 1945; 2019, No. 185 2. Undang-Undang Nomor 11 Tahun 2008 tentang Informasi dan Transaksi Elektronik (Lembaran Negara Republik Indonesia Tahun 2008 Nomor 58, Tambahan Lembaran Negara Republik Indonesia Nomor 4843) sebagaimana telah diubah dengan Undang-Undang Nomor 19 Tahun 2016 tentang Perubahan Atas Undang-Undang Nomor 11 Tahun 2008 tentang Informasi dan Transaksi Elektronik (Lembaran Negara Republik Indonesia Tahun 2016 Nomor 251, Tambahan Lembaran Negara Republik Indonesia Nomor 5952);"
PP_PSTE_No71_2019,Pembukaan,regulation,UU 11/2008,UU_ITE_No19_2016,,True,2,"Menimbang : a. b. bahwa Peraturan Pemerintah Nomor 82 Tahun 2012 tentang Penyelenggaraan Sistem dan Transaksi Elektronik sudah tidak sesuai lagi dengan perkembangan kebutuhan hukum masyarakat sehingga perlu diganti; c. bahwa berdasarkan pertimbangan sebagaimana dimaksud dalam huruf a dan huruf b, perlu menetapkan Peraturan Pemerintah tentang Penyelenggaraan Sistem dan Transaksi Elektronik; Mengingat : 1. bahwa dengan adanya perkembangan teknologi informasi yang sangat pesat dalam rangka mendorong pertumbuhan ekonomi digital dan penegakan kedaulatan negara atas informasi elektronik di wilayah Negara Kesatuan Republik Indonesia, perlu pengaturan secara menyeluruh pemanfaatan teknologi informasi dan transaksi elektronik; Pasal 5 ayat (2) Undang-Undang Dasar Negara Republik Indonesia Tahun 1945; 2019, No. 185 2. Undang-Undang Nomor 11 Tahun 2008 tentang Informasi dan Transaksi Elektronik (Lembaran Negara Republik Indonesia Tahun 2008 Nomor 58, Tambahan Lembaran Negara Republik Indonesia Nomor 4843) sebagaimana telah diubah dengan Undang-Undang Nomor 19 Tahun 2016 tentang Perubahan Atas Undang-Undang Nomor 11 Tahun 2008 tentang Informasi dan Transaksi Elektronik (Lembaran Negara Republik Indonesia Tahun 2016 Nomor 251, Tambahan Lembaran Negara Republik Indonesia Nomor 5952);"
SE_Komdigi_No9_2023_Etika_AI,Bagian 7,regulation,UU 6/2023,,,False,1,"peraturan perundang-undangan sebagai berikut: a. Undang-Undang Nomor 11 Tahun 2008 tentang Informasi dan Transaksi Elektronik (Lembaran Negara Republik Indonesia Tahun 2OO8 Nomor 58, Tambahan Lembaran Negara Republik Indonesia Nomor 4843) sebagaimana telah diubah dengan Undang-Undang Nomor 19 Tahun 2O16 tentang Perubahan atas Undang-Undang Nomor 11 Tahun 2008 tentang Informasi dan Transaksi Elektronik (Lembaran Negara Republik Indonesia Tahun 2016 Nomor 251, Tambahan Lembaran Negara Republik Indonesia 5- Nomor 5952); Undang-Undang Nomor 6 Tahun 2023 tentang Penetapan b c d e f Peraturan Pemerintah Pengganti Undang-undang Nomor 2 Tahun 2022 tentang Cipta Kerja menjadi Undang-Undang (Lembaran Negara Republik Indonesia Tahun 2O23 Nomor 41, Tambahan Lembaran Negara Republik Indonesia Nomor 6856); Undang-Undang Nomor 27 Tahun 2022 tentang Pelindungan Data Pribadi (Lembaran Negara Republik Indonesia Tahun 2022 Nomor 196, Tambahan Lembaran"
SE_Komdigi_No9_2023_Etika_AI,Bagian 7,regulation,UU 2/2022,,,False,1,"peraturan perundang-undangan sebagai berikut: a. Undang-Undang Nomor 11 Tahun 2008 tentang Informasi dan Transaksi Elektronik (Lembaran Negara Republik Indonesia Tahun 2OO8 Nomor 58, Tambahan Lembaran Negara Republik Indonesia Nomor 4843) sebagaimana telah diubah dengan Undang-Undang Nomor 19 Tahun 2O16 tentang Perubahan atas Undang-Undang Nomor 11 Tahun 2008 tentang Informasi dan Transaksi Elektronik (Lembaran Negara Republik Indonesia Tahun 2016 Nomor 251, Tambahan Lembaran Negara Republik Indonesia 5- Nomor 5952); Undang-Undang Nomor 6 Tahun 2023 tentang Penetapan b c d e f Peraturan Pemerintah Pengganti Undang-undang Nomor 2 Tahun 2022 tentang Cipta Kerja menjadi Undang-Undang (Lembaran Negara Republik Indonesia Tahun 2O23 Nomor 41, Tambahan Lembaran Negara Republik Indonesia Nomor 6856); Undang-Undang Nomor 27 Tahun 2022 tentang Pelindungan Data Pribadi (Lembaran Negara Republik Indonesia Tahun 2022 Nomor 196, Tambahan Lembaran"
SE_Komdigi_No9_2023_Etika_AI,Bagian 7,regulation,UU 11/2008,UU_ITE_No19_2016,,True,2,"peraturan perundang-undangan sebagai berikut: a. Undang-Undang Nomor 11 Tahun 2008 tentang Informasi dan Transaksi Elektronik (Lembaran Negara Republik Indonesia Tahun 2OO8 Nomor 58, Tambahan Lembaran Negara Republik Indonesia Nomor 4843) sebagaimana telah diubah dengan Undang-Undang Nomor 19 Tahun 2O16 tentang Perubahan atas Undang-Undang Nomor 11 Tahun 2008 tentang Informasi dan Transaksi Elektronik (Lembaran Negara Republik Indonesia Tahun 2016 Nomor 251, Tambahan Lembaran Negara Republik Indonesia 5- Nomor 5952); Undang-Undang Nomor 6 Tahun 2023 tentang Penetapan b c d e f Peraturan Pemerintah Pengganti Undang-undang Nomor 2 Tahun 2022 tentang Cipta Kerja menjadi Undang-Undang (Lembaran Negara Republik Indonesia Tahun 2O23 Nomor 41, Tambahan Lembaran Negara Republik Indonesia Nomor 6856); Undang-Undang Nomor 27 Tahun 2022 tentang Pelindungan Data Pribadi (Lembaran Negara Republik Indonesia Tahun 2022 Nomor 196, Tambahan Lembaran"
SE_Komdigi_No9_2023_Etika_AI,Bagian 7,regulation,UU 27/2022,UU_PDP_No27_2022,,True,1,"peraturan perundang-undangan sebagai berikut: a. Undang-Undang Nomor 11 Tahun 2008 tentang Informasi dan Transaksi Elektronik (Lembaran Negara Republik Indonesia Tahun 2OO8 Nomor 58, Tambahan Lembaran Negara Republik Indonesia Nomor 4843) sebagaimana telah diubah dengan Undang-Undang Nomor 19 Tahun 2O16 tentang Perubahan atas Undang-Undang Nomor 11 Tahun 2008 tentang Informasi dan Transaksi Elektronik (Lembaran Negara Republik Indonesia Tahun 2016 Nomor 251, Tambahan Lembaran Negara Republik Indonesia 5- Nomor 5952); Undang-Undang Nomor 6 Tahun 2023 tentang Penetapan b c d e f Peraturan Pemerintah Pengganti Undang-undang Nomor 2 Tahun 2022 tentang Cipta Kerja menjadi Undang-Undang (Lembaran Negara Republik Indonesia Tahun 2O23 Nomor 41, Tambahan Lembaran Negara Republik Indonesia Nomor 6856); Undang-Undang Nomor 27 Tahun 2022 tentang Pelindungan Data Pribadi (Lembaran Negara Republik Indonesia Tahun 2022 Nomor 196, Tambahan Lembaran"
SE_Komdigi_No9_2023_Etika_AI,Bagian 8,named,PP PSTE,PP_PSTE_No71_2019,,True,1,"Negara Republik Indonesia Nomor 682O); Peraturan Pemerintah Nomor 7 1 Tahun 20 19 tentang Penyelenggaraan Sistem dan Transaksi Elektronik (Lembaran Negara Republik Indonesia Tahun 2019 Nomor 185, Tambahan Lembaran Negara Republik Indonesia Nomor 64OO); Peraturan Pemerintah Nomor 5 Tahun 2027 tentang Penyelenggaraan Perizinan Berusaha Berbasis Risiko (Lembaran Negara Republik Indonesia Tahun 2O2 1 Nomor 15, Tambahan Lembaran Negara Republik Indonesia Nomor 6617); Peraturan Presiden Nomor 22 Tahlun 2023 tentang Kementerian Komunikasi dan Informatika (Lembaran Negara Republik Indonesia Tahun 2O23 Nomor 51); Peraturan Menteri Komunikasi dan Informatika Nomor 5 Tahun 2020 tentang Penyelenggara Sistem Elektronik Lingkup Privat (Berita Negara Republik Indonesia Tahun 2O2 1 Nomor 1376) sebagaimana telah diubah dengan Peraturan Menteri Komunikasi dan Informatika Nomor 1O Tahun 2O2l lentang Perubahan atas Peraturan Menteri Komunikasi dan Informatika Nomor 5 Tahun 2O2O tentang Penyelenggara Sistem Elektronik Lingkup Privat (Berita Negara Republik Indonesia Tahun 202 1 Nomor Ssa);"
SE_Komdigi_No9_2023_Etika_AI,Bagian 8,regulation,Permen 5/2020,,,False,1,"Negara Republik Indonesia Nomor 682O); Peraturan Pemerintah Nomor 7 1 Tahun 20 19 tentang Penyelenggaraan Sistem dan Transaksi Elektronik (Lembaran Negara Republik Indonesia Tahun 2019 Nomor 185, Tambahan Lembaran Negara Republik Indonesia Nomor 64OO); Peraturan Pemerintah Nomor 5 Tahun 2027 tentang Penyelenggaraan Perizinan Berusaha Berbasis Risiko (Lembaran Negara Republik Indonesia Tahun 2O2 1 Nomor 15, Tambahan Lembaran Negara Republik Indonesia Nomor 6617); Peraturan Presiden Nomor 22 Tahlun 2023 tentang Kementerian Komunikasi dan Informatika (Lembaran Negara Republik Indonesia Tahun 2O23 Nomor 51); Peraturan Menteri Komunikasi dan Informatika Nomor 5 Tahun 2020 tentang Penyelenggara Sistem Elektronik Lingkup Privat (Berita Negara Republik Indonesia Tahun 2O2 1 Nomor 1376) sebagaimana telah diubah dengan Peraturan Menteri Komunikasi dan Informatika Nomor 1O Tahun 2O2l lentang Perubahan atas Peraturan Menteri Komunikasi dan Informatika Nomor 5 Tahun 2O2O tentang Penyelenggara Sistem Elektronik Lingkup Privat (Berita Negara Republik Indonesia Tahun 202 1 Nomor Ssa);"
Stranas_AI_Indonesia_2020-2045_Full,Bagian 21,named,G20 AI Principles,,,False,2,"STRATEGI NASIONAL UNTUK KECERDASAN ARTIFISIAL Selanjutnya pada Juni 2018, pemerintah Singapura mengumumkan tiga inisiatif baru tentang tata kelola dan etika kecerdasan artifisial. Untuk ini, Singapura membentuk Dewan Penasihat baru tentang Penggunaan Etika AI dan Data yang akan membantu Pemerintah mengembangkan standar dan kerangka kerja tatakelola untuk etika kecerdasan artifisial. Potensi kecerdasan artifisial Singapura yang besar dapat menjadi peluang kerjasama-kerjasama dengan Indonesia dalam berbagai sektor yang potensial, seperti: riset dan inovasi industri. • Prinsip-Prinsip dan Rekomendasi Kecerdasan Artifisial dari G20 Sejalan dengan ketetapan prinsip-prinsip Kecerdasan Artifisial G20 (G20 AI Principles) [7] yang disepakati dalam pertemuan KTT G20 tanggal 28-29 Juni 2019 di Osaka-Jepang, pemerintah Indonesia akan memperhitungkan pengembangan dan pemanfaatan kecerdasan artifisial harus menganut prinsip-prinsip tersebut ke dalam etika kecerdasan artifisial yang bertanggung jawab dan sesuai dengan nilai-nilai Pancasila. Prinsip-"
Stranas_AI_Indonesia_2020-2045_Full,Bagian 26,regulation,UU 3/2014,,,False,1,"inovatif berbasis ilmu pengetahuan dan teknologi, dan b) menciptakan keunggulan kompetitif bangsa secara global (Peraturan Presiden Nomor 38 Tahun 2018)Sebagai penjabaran lebih perlu dibuat perencanaan lebih teknis dalam bentuk Prioritas Riset Nasional untuk periode 5 tahun. Sebagaimana diamanatkan pada RPJPN 2005-2025, maka penyelenggaraan riset difokuskan pada tujuh bidang Program Unggulan Nasional Riset (PUNAS), yaitu: (1) Ketahanan Pangan; (2) energi, energi baru dan terbarukan; (3) kesehatan dan obat; (4) transportasi; (5) teknologi informasi dan komunikasi (TIK); (6) teknologi pertahanan dan keamanan; dan (7) material maju. • Rencana Induk Pembangunan Industri Nasional 2015-2035. Pemerintah Indonesia membutuhkan pengembangan kecerdasan artifisial dalam inovasi industri untuk mendukung revolusi industri ke 4, sesuai dengan Undang-Undang Nomor 3 Tahun 2014 [11] tentang Perindustrian yang meletakkan industri sebagai salah satu pilar ekonomi dan memberikan peran yang cukup besar kepada pemerintah untuk mendorong kemajuan"
Stranas_AI_Indonesia_2020-2045_Full,Bagian 26,regulation,Perpres 38/2018,,,False,1,"inovatif berbasis ilmu pengetahuan dan teknologi, dan b) menciptakan keunggulan kompetitif bangsa secara global (Peraturan Presiden Nomor 38 Tahun 2018)Sebagai penjabaran lebih perlu dibuat perencanaan lebih teknis dalam bentuk Prioritas Riset Nasional untuk periode 5 tahun. Sebagaimana diamanatkan pada RPJPN 2005-2025, maka penyelenggaraan riset difokuskan pada tujuh bidang Program Unggulan Nasional Riset (PUNAS), yaitu: (1) Ketahanan Pangan; (2) energi, energi baru dan terbarukan; (3) kesehatan dan obat; (4) transportasi; (5) teknologi informasi dan komunikasi (TIK); (6) teknologi pertahanan dan keamanan; dan (7) material maju. • Rencana Induk Pembangunan Industri Nasional 2015-2035. Pemerintah Indonesia membutuhkan pengembangan kecerdasan artifisial dalam inovasi industri untuk mendukung revolusi industri ke 4, sesuai dengan Undang-Undang Nomor 3 Tahun 2014 [11] tentang Perindustrian yang meletakkan industri sebagai salah satu pilar ekonomi dan memberikan peran yang cukup besar kepada pemerintah untuk mendorong kemajuan"
Stranas_AI_Indonesia_2020-2045_Full,Bagian 37,named,UUD 1945,,,False,2,"Sebagian besar perguruan tinggi belum memiliki persyaratan yang memadai untuk penunjang pembelajaran kecerdasan artifisial, seperti: tenaga pengajar kompeten di bidang AI, laboratorium, dataset, silabus pembelajaran, dan lain-lain. Sistem pendidikan sekolah belum memperkenalkan bidang kecerdasan artifisial dalam kurikulum pendidikan. Belum ada insentif untuk program pengembangan kapasitas pendidikan/ pelatihan yang spesifik untuk perusahaan rintisan kecerdasan artifisial. Belum cukup insentif untuk pengembangan kapasitas kecerdasan artifisial di beberapa institusi yang menjalankan bidang prioritas, seperti: pertanian, lembaga riset, lembaga pemerintah, dan lainnya REGULASI • Tersedianya payung hukum untuk etika pemanfaatan dan pengembangan kecerdasan artifisial yang bertanggung jawab, yang bersumber Pancasila dan UUD 1945 • Motivasi pemerintah yang kuat untuk penggunaan produksi inovasi dalam negeri melalui peraturan TKDN dan himbauan Cinta Produk Dalam Negeri pada masyarakat • • • •"
Stranas_AI_Indonesia_2020-2045_Full,Bagian 54,named,UUD 1945,,,False,2,"Keamanan Bagi Masyarakat Maksud dari relevan adalah setiap produk kebijakan yang dihasilkan dapat diimplementasi oleh semua pihak, baik dari unsur pemerintah, kalangan pengusaha, akademisi, dan masyarakat secara hukum. Pembuatan produk kebijakan tersebut harus tidak bertentangan 32 STRATEGI NASIONAL UNTUK KECERDASAN ARTIFISIAL DENGAN DASAR ETIKA YANG TERKANDUNG DALAM NILAI- NILAI PANCASILA, IKLIM KECERDASAN ARTIFISIAL DAPAT DIARAHKAN UNTUK MEMENUHI TUJUAN BERNEGARA. dengan Pasal 28C) dan Pasal 31 UUD 1945, sesuai dengan amanah pada UU No. 11/2019, menghasilkan produk kebijakan yang mengatur tata kelola, etika, dan pertanggungjawaban hukum, serta ada kebijakan untuk memberikan wewenang kepada Komisi Etik untuk membentuk pedoman dan pengawasan atas pelaksanaan etik yang berkolaborasi dengan pihak-pihak terkait, seperti universitas atau pelaku industri. 2. Menciptakan Iklim Kecerdasan Artifisial Yang Kondusif Dengan Tetap Bernafaskan Nilai-Nilai Pancasila, dan Berorientasi pada Ketahanan Nasional Setiap penelitian, pengembangan, pengkajian dan penerapan tidak"
Stranas_AI_Indonesia_2020-2045_Full,Bagian 54,pasal_external,Pasal 28C,,Pasal 28C,False,1,"Keamanan Bagi Masyarakat Maksud dari relevan adalah setiap produk kebijakan yang dihasilkan dapat diimplementasi oleh semua pihak, baik dari unsur pemerintah, kalangan pengusaha, akademisi, dan masyarakat secara hukum. Pembuatan produk kebijakan tersebut harus tidak bertentangan 32 STRATEGI NASIONAL UNTUK KECERDASAN ARTIFISIAL DENGAN DASAR ETIKA YANG TERKANDUNG DALAM NILAI- NILAI PANCASILA, IKLIM KECERDASAN ARTIFISIAL DAPAT DIARAHKAN UNTUK MEMENUHI TUJUAN BERNEGARA. dengan Pasal 28C) dan Pasal 31 UUD 1945, sesuai dengan amanah pada UU No. 11/2019, menghasilkan produk kebijakan yang mengatur tata kelola, etika, dan pertanggungjawaban hukum, serta ada kebijakan untuk memberikan wewenang kepada Komisi Etik untuk membentuk pedoman dan pengawasan atas pelaksanaan etik yang berkolaborasi dengan pihak-pihak terkait, seperti universitas atau pelaku industri. 2. Menciptakan Iklim Kecerdasan Artifisial Yang Kondusif Dengan Tetap Bernafaskan Nilai-Nilai Pancasila, dan Berorientasi pada Ketahanan Nasional Setiap penelitian, pengembangan, pengkajian dan penerapan tidak"
Stranas_AI_Indonesia_2020-2045_Full,Bagian 54,pasal_external,Pasal 31 UUD 1945,,Pasal 31,False,1,"Keamanan Bagi Masyarakat Maksud dari relevan adalah setiap produk kebijakan yang dihasilkan dapat diimplementasi oleh semua pihak, baik dari unsur pemerintah, kalangan pengusaha, akademisi, dan masyarakat secara hukum. Pembuatan produk kebijakan tersebut harus tidak bertentangan 32 STRATEGI NASIONAL UNTUK KECERDASAN ARTIFISIAL DENGAN DASAR ETIKA YANG TERKANDUNG DALAM NILAI- NILAI PANCASILA, IKLIM KECERDASAN ARTIFISIAL DAPAT DIARAHKAN UNTUK MEMENUHI TUJUAN BERNEGARA. dengan Pasal 28C) dan Pasal 31 UUD 1945, sesuai dengan amanah pada UU No. 11/2019, menghasilkan produk kebijakan yang mengatur tata kelola, etika, dan pertanggungjawaban hukum, serta ada kebijakan untuk memberikan wewenang kepada Komisi Etik untuk membentuk pedoman dan pengawasan atas pelaksanaan etik yang berkolaborasi dengan pihak-pihak terkait, seperti universitas atau pelaku industri. 2. Menciptakan Iklim Kecerdasan Artifisial Yang Kondusif Dengan Tetap Bernafaskan Nilai-Nilai Pancasila, dan Berorientasi pada Ketahanan Nasional Setiap penelitian, pengembangan, pengkajian dan penerapan tidak"
Stranas_AI_Indonesia_2020-2045_Full,Bagian 54,regulation,UU 11/2019,,,False,1,"Keamanan Bagi Masyarakat Maksud dari relevan adalah setiap produk kebijakan yang dihasilkan dapat diimplementasi oleh semua pihak, baik dari unsur pemerintah, kalangan pengusaha, akademisi, dan masyarakat secara hukum. Pembuatan produk kebijakan tersebut harus tidak bertentangan 32 STRATEGI NASIONAL UNTUK KECERDASAN ARTIFISIAL DENGAN DASAR ETIKA YANG TERKANDUNG DALAM NILAI- NILAI PANCASILA, IKLIM KECERDASAN ARTIFISIAL DAPAT DIARAHKAN UNTUK MEMENUHI TUJUAN BERNEGARA. dengan Pasal 28C) dan Pasal 31 UUD 1945, sesuai dengan amanah pada UU No. 11/2019, menghasilkan produk kebijakan yang mengatur tata kelola, etika, dan pertanggungjawaban hukum, serta ada kebijakan untuk memberikan wewenang kepada Komisi Etik untuk membentuk pedoman dan pengawasan atas pelaksanaan etik yang berkolaborasi dengan pihak-pihak terkait, seperti universitas atau pelaku industri. 2. Menciptakan Iklim Kecerdasan Artifisial Yang Kondusif Dengan Tetap Bernafaskan Nilai-Nilai Pancasila, dan Berorientasi pada Ketahanan Nasional Setiap penelitian, pengembangan, pengkajian dan penerapan tidak"
Stranas_AI_Indonesia_2020-2045_Full,Bagian 61,regulation,UU 17/2007,,,False,1,"layanan dalam mewujudkan kontribusi kecerdasan artifisial untuk kepentingan negara. Pengertian Kepentingan Negara Kepentingan negara yang dimaksud adalah kedaulatan dalam data dan infrastruktur sebagaimana tercantum dalam UU No.17/2007 tentang RPJP dan Visi Indonesia 2045 yakni Indonesia yang Berdaulat, Maju, Adil dan Makmur dalam segala hal. Secara spesifik kedaulatan akan data dan informasi hingga tahun 2045 mencakup aspek-aspek : 1. Ketersediaan data latih 2. Sistem Penghubung data 3. Infrastruktur komputasi yang berbagi pakai B. TUJUAN MISI 1. Terwujudnya keterbukaan pertukaran data – data digital setiap penyelenggara sistem elektronik pelayanan publik, dengan memperhatikan keamanan data dan kerahasiaan data pribadi. 2. Terwujudnya kemampuan negara untuk mengakses seluruh data 36 STRATEGI NASIONAL UNTUK KECERDASAN ARTIFISIAL yang dibutuhkan untuk kepentingan strategisnya 3. Tersedianya sistem penghubung data antara produsen dan konsumer data 4. Tersedianya shared infrastruktur dan shared platform di mana perusahaan digital menyampaikan metadata, contoh data dan"
Stranas_AI_Indonesia_2020-2045_Full,Bagian 67,named,Sustainable Development Goals (2030 Agenda),,,False,1,"secara mandiri, maka kualitas dan integritas data juga harus dijaga dan dilindungi. 4. Transparansi Keputusan yang dibuat oleh Kecerdasan Artifisial harus dapat dipahami, jelas, dan dapat dilacak oleh manusia, dengan kata lain sistem Kecerdasan Artifisial harus dapat diidentifikasi oleh manusia. 5. Kesejahteraan Sosial dan Lingkungan Pengembangan Kecerdasan Artifisial wajib diarahkan untuk mencapai tujuan pembangunan berkelanjutan, yakni untuk keharmonisan antara keberlangsungan lingkungan dengan pembangunan yang dapat memenuhi kebutuhan dasar, meningkatkan standar hidup untuk semua dan menciptakan ekosistem yang terlindungi. 6. Keanekaragaman, Non-diskriminasi, dan Keadilan Untuk mencapai Kecerdasan Artifisial yang dapat dipercaya, maka harus memberikan fokus pada inklusi dan keragaman di seluruh siklus hidup sistem Kecerdasan Artifisial yang mana harus terpusat pada pengguna dan dirancang sedemikian rupa sehingga memungkinkan semua orang dapat menggunakan produk atau layanan Kecerdasan Artifisial. B. BERNAFASKAN NILAI-NILAI PANCASILA"
Stranas_AI_Indonesia_2020-2045_Full,Bagian 68,named,UUD 1945,,,False,1,"Pengembangan Kecerdasan Artifisial wajib berdasarkan Pancasila sebagai dasar negara. Prinsip negara hukum Pancasila adalah tatanan kehidupan masyarakat yang berperiketuhanan, berperikemanusiaan, berperikebangsaan, berperikerakyatan dan berperikesejahteraan rakyat melalui cara pandang kekeluargaan yang khas yakni mengutamakan rakyat banyak namun tetap menghargai harkat dan martabat setiap 40 STRATEGI NASIONAL UNTUK KECERDASAN ARTIFISIAL SISTEM KECERDASAN ARTIFISIAL HENDAKNYA MEMILIKI KEMAMPUAN UNTUK SELALU DAPAT DIAKSES ATAU MEMILIKI SERVICE LEVEL AGREEMENT MINIMUM. individu, dan bukan dalam cara pandang yang perseorangan. Prinsip di atas memiliki arti bahwa dalam kehidupan bernegara Pancasila harus dipandang sebagai satu kesatuan bernafaskan kekeluargaan demi mencapai tujuan yang dianut dalam Pembukaan Undang-Undang Dasar Negara Republik Indonesia Tahun 1945 yakni: “…yang melindungi segenap bangsa Indonesia dan seluruh tumpah darah Indonesia dan untuk memajukan kesejahteraan umum, mencerdaskan kehidupan bangsa, dan ikut melaksanakan ketertiban dunia yang"
Stranas_AI_Indonesia_2020-2045_Full,Bagian 70,regulation,UU 11/2019,,,False,2,"bidang Kecerdasan Artifisial amatlah diperlukan untuk memastikan bahwa pelaksanaan kebijakan di tingkat pemerintah dapat secara relevan dilaksanakan di masyarakat dan dapat juga membantu pengembangan penelitian Kecerdasan Artifisial, serta menumbuhkan tingkat aktivitas usaha yang terkait dengan Kecerdasan Artifisial yang dapat dibantu oleh inovasi-inovasi teknologi dan bisnis dari pelaku usaha. E. PENERAPAN ASAS-ASAS UU NO. 11/2019 Di samping nilai-nilai etika di atas, asas-asas yang terkandung dalam UU No. 11/2019 juga harus dipakai sebagai landasan etika untuk kebijakan Kecerdasan Artifisial yakni: 1. Keimanan dan ketakwaan kepada Tuhan Yang Mahas Esa; 2. Kemanusiaan; 41 STRATEGI NASIONAL UNTUK KECERDASAN ARTIFISIAL 3. Keadilan; 4. Kemaslahatan; 5. Keamanan dan Keselamatan; 6. Kebenaran Ilmiah; 7. Transparansi; 8. Aksesibilitas; 9. Penghormatan terhadap pengetahuan tradisional dan kearifan lokal 10. Kedaulatan negara. PANDANGAN TERHADAP PERATURAN PERUNDANG-UNDANGAN TERKAIT KECERDASAN ARTIFISIAL DIKAITKAN DENGAN KEBIJAKAN KE DEPAN"
Stranas_AI_Indonesia_2020-2045_Full,Bagian 71,named,UUD 1945,,,False,1,"Dalam pembukaan konstitusi sudah dijelaskan bagaimana bangsa dan negara ini dibentuk dan kemudian diamanatkan untuk mencapai cita-cita Indonesia dan tujuan dibentuknya negara yang kemudian kekuasaannya dijalankan oleh pemerintah melalui suatu sistem pemerintahan berdasarkan hukum (lihat Pasal 1 ayat (2) Undang-Undang Dasar Negara Republik Indonesia Tahun 1945). Sesuai dengan karakteristik hukum nasional, Indonesia ternyata tidak hanya mengacu kepada sumber hukum positif baik nasional, regional, maupun internasional melainkan juga mengacu kepada hukum adat sebagai hukum tidak tertulis dan yang hidup di tengah masyarakat. Selanjutnya dalam konteks hukum positif, Indonesia yang memiliki sistem hirarkis perundang- undangan berdasarkan Undang-Undang Nomor 12 Tahun 2011 tentang (“UU No. 12/2011”) sudah mengatur bentuk-bentuk dan kedudukan masing-masing peraturan Pembentukan Peraturan Perundang-Undangan perundang-undangan sehingga terkait dengan Kecerdasan Artifisial dilihat tidak terlepas dari norma hukum yang mengatur tentang Ilmu Pengetahuan dan Teknologi (“IPTEK”)."
Stranas_AI_Indonesia_2020-2045_Full,Bagian 71,pasal_external,Pasal 1 ayat (2) UUD 1945,,Pasal 1,False,1,"Dalam pembukaan konstitusi sudah dijelaskan bagaimana bangsa dan negara ini dibentuk dan kemudian diamanatkan untuk mencapai cita-cita Indonesia dan tujuan dibentuknya negara yang kemudian kekuasaannya dijalankan oleh pemerintah melalui suatu sistem pemerintahan berdasarkan hukum (lihat Pasal 1 ayat (2) Undang-Undang Dasar Negara Republik Indonesia Tahun 1945). Sesuai dengan karakteristik hukum nasional, Indonesia ternyata tidak hanya mengacu kepada sumber hukum positif baik nasional, regional, maupun internasional melainkan juga mengacu kepada hukum adat sebagai hukum tidak tertulis dan yang hidup di tengah masyarakat. Selanjutnya dalam konteks hukum positif, Indonesia yang memiliki sistem hirarkis perundang- undangan berdasarkan Undang-Undang Nomor 12 Tahun 2011 tentang (“UU No. 12/2011”) sudah mengatur bentuk-bentuk dan kedudukan masing-masing peraturan Pembentukan Peraturan Perundang-Undangan perundang-undangan sehingga terkait dengan Kecerdasan Artifisial dilihat tidak terlepas dari norma hukum yang mengatur tentang Ilmu Pengetahuan dan Teknologi (“IPTEK”)."
Stranas_AI_Indonesia_2020-2045_Full,Bagian 71,regulation,UU 12/2011,,,False,2,"Dalam pembukaan konstitusi sudah dijelaskan bagaimana bangsa dan negara ini dibentuk dan kemudian diamanatkan untuk mencapai cita-cita Indonesia dan tujuan dibentuknya negara yang kemudian kekuasaannya dijalankan oleh pemerintah melalui suatu sistem pemerintahan berdasarkan hukum (lihat Pasal 1 ayat (2) Undang-Undang Dasar Negara Republik Indonesia Tahun 1945). Sesuai dengan karakteristik hukum nasional, Indonesia ternyata tidak hanya mengacu kepada sumber hukum positif baik nasional, regional, maupun internasional melainkan juga mengacu kepada hukum adat sebagai hukum tidak tertulis dan yang hidup di tengah masyarakat. Selanjutnya dalam konteks hukum positif, Indonesia yang memiliki sistem hirarkis perundang- undangan berdasarkan Undang-Undang Nomor 12 Tahun 2011 tentang (“UU No. 12/2011”) sudah mengatur bentuk-bentuk dan kedudukan masing-masing peraturan Pembentukan Peraturan Perundang-Undangan perundang-undangan sehingga terkait dengan Kecerdasan Artifisial dilihat tidak terlepas dari norma hukum yang mengatur tentang Ilmu Pengetahuan dan Teknologi (“IPTEK”)."
Stranas_AI_Indonesia_2020-2045_Full,Bagian 75,pasal_external,Pasal 56,,Pasal 56,False,1,"Gambar 3-2 Konsep Pengetahuan Hukum 44 STRATEGI NASIONAL UNTUK KECERDASAN ARTIFISIAL 3. 2. PROGRAM-PROGRAM INISIATIF 3. 2. 1. PENERAPAN PERMENKOMINFO NOMOR 4 TAHUN 2016 Bahwa kondisi hukum positif yang berlaku di Indonesia sudah memiliki beberapa aturan yang secara ruang lingkup sudah cukup untuk mengatur mengenai keamanan informasi, namun sampai sekarang belum terimplementasi dengan baik, sehingga peta jalan jangka pendek pertama adalah memastikan peraturan ini dapat dijalankan secara optimal. Sesuai Peraturan Presiden Nomor 133 Tahun 2017 tentang perubahan atas Peraturan Presiden Nomor 53 Tahun 2017 tentang Badan Siber dan Sandi Negara dalam Pasal 56 disebutkan pelaksanaan seluruh tugas dan fungsi di bidang keamanan informasi, pengamanan pemanfaatan jaringan telekomunikasi berbasis protokol internet, dan keamanan jaringan dan infrastruktur telekomunikasi pada Kementerian Komunikasi dan Informatika (Kemenkominfo) sudah menjadi kewenangan Badan Siber dan Sandi Negara (BSSN), sehingga pengaturan tentang Sistem Manajemen Pengamanan"
Stranas_AI_Indonesia_2020-2045_Full,Bagian 75,regulation,Perpres 133/2017,,,False,1,"Gambar 3-2 Konsep Pengetahuan Hukum 44 STRATEGI NASIONAL UNTUK KECERDASAN ARTIFISIAL 3. 2. PROGRAM-PROGRAM INISIATIF 3. 2. 1. PENERAPAN PERMENKOMINFO NOMOR 4 TAHUN 2016 Bahwa kondisi hukum positif yang berlaku di Indonesia sudah memiliki beberapa aturan yang secara ruang lingkup sudah cukup untuk mengatur mengenai keamanan informasi, namun sampai sekarang belum terimplementasi dengan baik, sehingga peta jalan jangka pendek pertama adalah memastikan peraturan ini dapat dijalankan secara optimal. Sesuai Peraturan Presiden Nomor 133 Tahun 2017 tentang perubahan atas Peraturan Presiden Nomor 53 Tahun 2017 tentang Badan Siber dan Sandi Negara dalam Pasal 56 disebutkan pelaksanaan seluruh tugas dan fungsi di bidang keamanan informasi, pengamanan pemanfaatan jaringan telekomunikasi berbasis protokol internet, dan keamanan jaringan dan infrastruktur telekomunikasi pada Kementerian Komunikasi dan Informatika (Kemenkominfo) sudah menjadi kewenangan Badan Siber dan Sandi Negara (BSSN), sehingga pengaturan tentang Sistem Manajemen Pengamanan"
Stranas_AI_Indonesia_2020-2045_Full,Bagian 75,regulation,Perpres 53/2017,,,False,1,"Gambar 3-2 Konsep Pengetahuan Hukum 44 STRATEGI NASIONAL UNTUK KECERDASAN ARTIFISIAL 3. 2. PROGRAM-PROGRAM INISIATIF 3. 2. 1. PENERAPAN PERMENKOMINFO NOMOR 4 TAHUN 2016 Bahwa kondisi hukum positif yang berlaku di Indonesia sudah memiliki beberapa aturan yang secara ruang lingkup sudah cukup untuk mengatur mengenai keamanan informasi, namun sampai sekarang belum terimplementasi dengan baik, sehingga peta jalan jangka pendek pertama adalah memastikan peraturan ini dapat dijalankan secara optimal. Sesuai Peraturan Presiden Nomor 133 Tahun 2017 tentang perubahan atas Peraturan Presiden Nomor 53 Tahun 2017 tentang Badan Siber dan Sandi Negara dalam Pasal 56 disebutkan pelaksanaan seluruh tugas dan fungsi di bidang keamanan informasi, pengamanan pemanfaatan jaringan telekomunikasi berbasis protokol internet, dan keamanan jaringan dan infrastruktur telekomunikasi pada Kementerian Komunikasi dan Informatika (Kemenkominfo) sudah menjadi kewenangan Badan Siber dan Sandi Negara (BSSN), sehingga pengaturan tentang Sistem Manajemen Pengamanan"
Stranas_AI_Indonesia_2020-2045_Full,Bagian 76,pasal_external,Pasal 59,,Pasal 59,False,1,"Informasi yang sebelumnya dilaksanakan oleh Kemenkominfo selanjutnya akan dilaksanakan oleh BSSN. Dalam hal ini Kementerian Komunikasi dan Informatika serta BSSN menjadi pihak-pihak yang bertanggung jawab untuk memastikan transisi dan penegakan peraturan yang maksimal agar manajemen pengamanan informasi dapat terwujud secara maksimal. 3. 2. 2. PERLINDUNGAN DATA PRIBADI DAN PERATURAN BPPT TENTANG AUDIT DAN KLIRING TEKNOLOGI Pasal 59 dan Pasal 60 Keputusan Presiden Nomor 103 Tahun 2001 tentang Kedudukan, Tugas, Fungsi, Kewenangan, Susunan Organisasi, dan Tata Kerja Lembaga Pemerintahan Non Departemen (“Keppres No. 103/2001”) mengatur bahwa Badan Pengkajian dan Penerapan Teknologi (“BPPT”) dapat menjalankan fungsi pemantauan, pengkajian, dan kebijakan nasional di bidang teknologi. Dengan demikian,memungkinkan adanya rencana cepat untuk mengamankan sistem informasi yang sudah ada, yakni memaksimalkan peran BPPT sebagai lembaga yang dapat membuat kebijakan dan audit teknologi, sehingga dipandang mendesak perlunya peraturan mengenai audit teknologi, termasuk"
Stranas_AI_Indonesia_2020-2045_Full,Bagian 76,pasal_external,Pasal 60 Keppres 103/2001,,Pasal 60,False,1,"Informasi yang sebelumnya dilaksanakan oleh Kemenkominfo selanjutnya akan dilaksanakan oleh BSSN. Dalam hal ini Kementerian Komunikasi dan Informatika serta BSSN menjadi pihak-pihak yang bertanggung jawab untuk memastikan transisi dan penegakan peraturan yang maksimal agar manajemen pengamanan informasi dapat terwujud secara maksimal. 3. 2. 2. PERLINDUNGAN DATA PRIBADI DAN PERATURAN BPPT TENTANG AUDIT DAN KLIRING TEKNOLOGI Pasal 59 dan Pasal 60 Keputusan Presiden Nomor 103 Tahun 2001 tentang Kedudukan, Tugas, Fungsi, Kewenangan, Susunan Organisasi, dan Tata Kerja Lembaga Pemerintahan Non Departemen (“Keppres No. 103/2001”) mengatur bahwa Badan Pengkajian dan Penerapan Teknologi (“BPPT”) dapat menjalankan fungsi pemantauan, pengkajian, dan kebijakan nasional di bidang teknologi. Dengan demikian,memungkinkan adanya rencana cepat untuk mengamankan sistem informasi yang sudah ada, yakni memaksimalkan peran BPPT sebagai lembaga yang dapat membuat kebijakan dan audit teknologi, sehingga dipandang mendesak perlunya peraturan mengenai audit teknologi, termasuk"
Stranas_AI_Indonesia_2020-2045_Full,Bagian 76,regulation,Keppres 103/2001,,,False,1,"Informasi yang sebelumnya dilaksanakan oleh Kemenkominfo selanjutnya akan dilaksanakan oleh BSSN. Dalam hal ini Kementerian Komunikasi dan Informatika serta BSSN menjadi pihak-pihak yang bertanggung jawab untuk memastikan transisi dan penegakan peraturan yang maksimal agar manajemen pengamanan informasi dapat terwujud secara maksimal. 3. 2. 2. PERLINDUNGAN DATA PRIBADI DAN PERATURAN BPPT TENTANG AUDIT DAN KLIRING TEKNOLOGI Pasal 59 dan Pasal 60 Keputusan Presiden Nomor 103 Tahun 2001 tentang Kedudukan, Tugas, Fungsi, Kewenangan, Susunan Organisasi, dan Tata Kerja Lembaga Pemerintahan Non Departemen (“Keppres No. 103/2001”) mengatur bahwa Badan Pengkajian dan Penerapan Teknologi (“BPPT”) dapat menjalankan fungsi pemantauan, pengkajian, dan kebijakan nasional di bidang teknologi. Dengan demikian,memungkinkan adanya rencana cepat untuk mengamankan sistem informasi yang sudah ada, yakni memaksimalkan peran BPPT sebagai lembaga yang dapat membuat kebijakan dan audit teknologi, sehingga dipandang mendesak perlunya peraturan mengenai audit teknologi, termasuk"
Stranas_AI_Indonesia_2020-2045_Full,Bagian 78,pasal_external,Pasal 39 UU 11/2019,,Pasal 39,False,2,"jangka menengah karena dari segi pembuatan peraturan sendiri dapat memakan waktu lebih dari 1 tahun. Dalam hal ini inisiator dapat dilakukan oleh Kementerian Riset, Teknologi, dan Pendidikan Tinggi untuk dapat menginisiasi dalam pembuatan draft peraturan presiden sampai diundangkan. 3. 2. 5. PEMBENTUKAN KOMISI ETIKA Komisi Etika yang diamanatkan Pasal 39 UU 11/2019 terbentuk berfungsi sebagai badan yang bertanggung jawab terhadap Kecerdasan Artifisial yang mengarahkan kebijakan nasional dan memastikan pengembangan Kecerdasan Artifisial sesuai dengan strategi nasional dan kepentingan nasional. Komisi Etika sudah diamanatkan berdasarkan Pasal 39 UU No. 11/2019 yang mana komisi tersebut bersifat tidak tetap (ad hoc), keanggotaannya lintas bidang ilmu, dan memiliki tupoksi: 1. Menelaah dan menetapkan kelayakan etik; 2. Mengevaluasi dan mengawasi pelaksanaan kode etik penelitian, pengembangan, pengkajian, dan penerapan sesuai dengan bidang ilmu; dan 3. Dapat melakukan pemeriksaan dan pemberian sanksi apabila terjadi pelanggaran kode etik penelitian, pengembangan, pengkajian, dan"
Stranas_AI_Indonesia_2020-2045_Full,Bagian 78,regulation,UU 11/2019,,,False,2,"jangka menengah karena dari segi pembuatan peraturan sendiri dapat memakan waktu lebih dari 1 tahun. Dalam hal ini inisiator dapat dilakukan oleh Kementerian Riset, Teknologi, dan Pendidikan Tinggi untuk dapat menginisiasi dalam pembuatan draft peraturan presiden sampai diundangkan. 3. 2. 5. PEMBENTUKAN KOMISI ETIKA Komisi Etika yang diamanatkan Pasal 39 UU 11/2019 terbentuk berfungsi sebagai badan yang bertanggung jawab terhadap Kecerdasan Artifisial yang mengarahkan kebijakan nasional dan memastikan pengembangan Kecerdasan Artifisial sesuai dengan strategi nasional dan kepentingan nasional. Komisi Etika sudah diamanatkan berdasarkan Pasal 39 UU No. 11/2019 yang mana komisi tersebut bersifat tidak tetap (ad hoc), keanggotaannya lintas bidang ilmu, dan memiliki tupoksi: 1. Menelaah dan menetapkan kelayakan etik; 2. Mengevaluasi dan mengawasi pelaksanaan kode etik penelitian, pengembangan, pengkajian, dan penerapan sesuai dengan bidang ilmu; dan 3. Dapat melakukan pemeriksaan dan pemberian sanksi apabila terjadi pelanggaran kode etik penelitian, pengembangan, pengkajian, dan"
UNESCO_Recommendation_on_AI_Ethics_2021,Bagian 8,named,Universal Declaration of Human Rights,,,False,1,"Bearing in mind the Universal Declaration of Human Rights (1948), the instruments of the international human rights framework, including the Convention Relating to the Status of Refugees (1951), the Discrimination (Employment and Occupation) Convention (1958), the International Convention on the Elimination of All Forms of Racial Discrimination (1965), the International Covenant on Civil and Political Rights (1966), the International Covenant on Economic, Social and Cultural Rights (1966), the Convention on the Elimination of All Forms of Discrimination against Women (1979), the Convention on the Rights of the Child (1989), and the Convention on the Rights of Persons with Disabilities (2006), the Convention against Discrimination in Education (1960), the Convention on the Protection and Promotion of the Diversity of Cultural Expressions (2005), as well as any other relevant international instruments, recommendations and declarations,"
UNESCO_Recommendation_on_AI_Ethics_2021,Bagian 8,named,ICCPR,,,False,1,"Bearing in mind the Universal Declaration of Human Rights (1948), the instruments of the international human rights framework, including the Convention Relating to the Status of Refugees (1951), the Discrimination (Employment and Occupation) Convention (1958), the International Convention on the Elimination of All Forms of Racial Discrimination (1965), the International Covenant on Civil and Political Rights (1966), the International Covenant on Economic, Social and Cultural Rights (1966), the Convention on the Elimination of All Forms of Discrimination against Women (1979), the Convention on the Rights of the Child (1989), and the Convention on the Rights of Persons with Disabilities (2006), the Convention against Discrimination in Education (1960), the Convention on the Protection and Promotion of the Diversity of Cultural Expressions (2005), as well as any other relevant international instruments, recommendations and declarations,"
UNESCO_Recommendation_on_AI_Ethics_2021,Bagian 9,named,Sustainable Development Goals (2030 Agenda),,,False,1,"Also noting the United Nations Declaration on the Right to Development (1986); the Declaration on the Responsibilities of the Present Generations Towards Future Generations (1997); the Universal Declaration on Bioethics and Human Rights (2005); the United Nations Declaration on the Rights of Indigenous Peoples (2007); the United Nations General Assembly resolution on the review of the World Summit on the Information Society (A/RES/70/125) (2015); the United Nations General Assembly Resolution on Transforming our world: the 2030 Agenda for Sustainable Development (A/RES/70/1) (2015); the Recommendation Concerning the Preservation of, and Access to, Documentary Heritage Including in Digital Form (2015); the Declaration of Ethical Principles in relation to Climate Change (2017); the Recommendation on Science and Scientific Researchers (2017); the Internet Universality Indicators (endorsed by UNESCO’s International Programme for the Development of Communication in 2018), including the ROAM principles (endorsed by UNESCO’s General Conference in 2015); the Human Rights Council’s resolution"
UNESCO_Recommendation_on_AI_Ethics_2021,Bagian 24,named,Sustainable Development Goals (2030 Agenda),,,False,2,"9. The values and principles included below should be respected by all actors in the AI system life cycle, in the first place and, where needed and appropriate, be promoted through amendments to the existing and elaboration of new legislation, regulations and business guidelines. This must comply with international law, including the United Nations Charter and Member States’ human rights obligations, and should be in line with internationally agreed social, political, environmental, educational, scientific and economic sustainability objectives, such as the United Nations Sustainable Development Goals (SDGs). 10. Values play a powerful role as motivating ideals in shaping policy measures and legal norms. While the set of values outlined below thus inspires desirable behaviour and represents the foundations of principles, the principles unpack the values underlying them more concretely so that the values can be more easily operationalized in policy statements and actions."
UNESCO_Recommendation_on_AI_Ethics_2021,Bagian 40,named,Sustainable Development Goals (2030 Agenda),,,False,2,"31. The development of sustainable societies relies on the achievement of a complex set of objectives on a continuum of human, social, cultural, economic and environmental dimensions. The advent of AI technologies can either benefit sustainability objectives or hinder their realization, depending on how they are applied across countries with varying levels of development. The continuous assessment of the human, social, cultural, economic and environmental impact of AI technologies should therefore be carried out with full cognizance of the implications of AI technologies for sustainability as a set of constantly evolving goals across a range of dimensions, such as currently identified in the Sustainable Development Goals (SDGs) of the United Nations. Right to Privacy, and Data Protection"
UNGA_Res_78_265_Safe_Secure_Trustworthy_AI,Bagian 1,named,Universal Declaration of Human Rights,,,False,1,"United Nations General Assembly A/RES/78/265 Distr.: General 1 April 2024 Seventy-eighth session Agenda item 13 Integrated and coordinated implementation of and follow-up to the outcomes of the major United Nations conferences and summits in the economic, social and related fields Resolution adopted by the General Assembly on 21 March 2024 [without reference to a Main Committee (A/78/L.49)] 78/265. Seizing the opportunities of safe, secure and trustworthy artificial intelligence systems for sustainable development The General Assembly, Reaffirming international law, in particular the Charter of the United Nations, and recalling the Universal Declaration of Human Rights, 1 Reaffirming also"
UNGA_Res_78_265_Safe_Secure_Trustworthy_AI,Bagian 2,named,Sustainable Development Goals (2030 Agenda),,,False,1,"its resolution 70/1 of 25 September 2015, entitled “Transforming our world: the 2030 Agenda for Sustainable Development”, its resolution 69/313 of 27 July 2015 on the Addis Ababa Action Agenda of the Third International Conference on Financing for Development, and the political declaration adopted at the high-level political forum on sustainable development convened under the auspices of the General Assembly contained in the annex to its resolution 78/1 of 29 September 2023,"
UNGA_Res_78_265_Safe_Secure_Trustworthy_AI,Bagian 3,named,Sustainable Development Goals (2030 Agenda),,,False,1,"Recalling its resolutions 77/320 of 25 July 2023 on the impact of rapid technological change on the achievement of the Sustainable Development Goals and targets, 78/132 of 19 December 2023 on information and communications technologies for sustainable development, 78/160 of 19 December 2023 on science, technology and innovation for sustainable development, 78/213 of 19 December 2023 on the promotion and protection of human rights in the context of digital technologies, 77/211 of 15 December 2022 on the right to privacy in the digital age, 70/125 of 16 December 2015 on the overall review of the implementation of the outcomes of the World Summit on the Information Society, all the outcomes of the World Summit on the Information Society, including the Geneva Declaration of Principles,2 the Geneva Plan of Action, 3 __________________ 1 Resolution 217 A (III). 2 See A/C.2/59/3, annex. 3 Ibid. 24-05969 (E) 050424 *2405969* A/RES/78/265 Seizing the opportunities of safe, secure and trustworthy artificial intelligence systems for sustainable development"
UNGA_Res_78_265_Safe_Secure_Trustworthy_AI,Bagian 5,named,Sustainable Development Goals (2030 Agenda),,,False,1,"Taking note of the efforts of the International Telecommunication Union, in partnership with 40 United Nations bodies, to convene the Artificial Intelligence for Good platform, including its annual summit and the launch of the International Telecommunication Union’s Artificial Intelligence Repository to identify responsible and practical applications of artificial intelligence to advance the Sustainable Development Goals; and the adoption by the General Conference of the United Nations Educational, Scientific and Cultural Organization of its Recommendation on the Ethics of Artificial Intelligence of 23 November 2021, 6 its implementation plan, including the Readiness Assessment Methodology and the Ethical Impact Assessment and the Global Forum on the Ethics of Artificial Intelligence; as well as taking note of the Guiding Principles on Business and Human Rights: Implementing the United Nations “Protect, Respect and Remedy” Framework,7 as endorsed by the Human Rights Council in its resolution 17/4 of 16 June 2011;8 and the work of the Office of the United Nations High Commissioner for"
UNGA_Res_78_265_Safe_Secure_Trustworthy_AI,Bagian 5,named,UNESCO Recommendation on AI Ethics,UNESCO_Recommendation_on_AI_Ethics_2021,,True,1,"Taking note of the efforts of the International Telecommunication Union, in partnership with 40 United Nations bodies, to convene the Artificial Intelligence for Good platform, including its annual summit and the launch of the International Telecommunication Union’s Artificial Intelligence Repository to identify responsible and practical applications of artificial intelligence to advance the Sustainable Development Goals; and the adoption by the General Conference of the United Nations Educational, Scientific and Cultural Organization of its Recommendation on the Ethics of Artificial Intelligence of 23 November 2021, 6 its implementation plan, including the Readiness Assessment Methodology and the Ethical Impact Assessment and the Global Forum on the Ethics of Artificial Intelligence; as well as taking note of the Guiding Principles on Business and Human Rights: Implementing the United Nations “Protect, Respect and Remedy” Framework,7 as endorsed by the Human Rights Council in its resolution 17/4 of 16 June 2011;8 and the work of the Office of the United Nations High Commissioner for"
UNGA_Res_78_265_Safe_Secure_Trustworthy_AI,Bagian 7,named,Sustainable Development Goals (2030 Agenda),,,False,1,"Recognizing that safe, secure and trustworthy artificial intelligence systems – which, for the purpose of this resolution, refers to artificial intelligence systems in the non-military domain, whose life cycle includes the stages: pre-design, design, development, evaluation, testing, deployment, use, sale, procurement, operation and decommissioning, are such that they are human-centric, reliable, explainable, ethical, inclusive, in full respect, promotion and protection of human rights and international law, privacy preserving, sustainable development oriented, and responsible – have the potential to accelerate and enable progress towards the achievement of all 17 Sustainable Development Goals and sustainable development in its three dimensions – economic, social and environmental – in a balanced and integrated manner; promote digital transformation; promote peace; overcome digital divides between and within countries; and promote and protect the enjoyment of human rights and fundamental freedoms for all, while keeping the human person a t the centre,"
UNGA_Res_78_265_Safe_Secure_Trustworthy_AI,Bagian 8,named,Sustainable Development Goals (2030 Agenda),,,False,2,"Recognizing also that the improper or malicious design, development, deployment and use of artificial intelligence systems, such as without adequate safeguards or in a manner inconsistent with international law, pose risks that could hinder progress towards the achievement of the 2030 Agenda for Sustainable Development and its Sustainable Development Goals and undermine sustainable development in its three dimensions – economic, social and environmental; widen digital divides between and within countries; reinforce structu ral inequalities and biases; lead to discrimination; undermine information integrity and access to information; undercut the protection, promotion and enjoyment of human rights and __________________ 4 See A/60/687. 5 Ibid. 6 United Nations Educational, Scientific and Cultural Organization, Records of the General Conference, Forty-first Session, Paris, 9–24 November 2021, vol. 1, Resolutions, annex VII. 7 A/HRC/17/31, annex. 8 See Official Records of the General Assembly, Sixty-sixth Session, Supplement No. 53 (A/66/53), chap. III, sect. A. 9 A/74/821. 2/8 24-05969"
UNGA_Res_78_265_Safe_Secure_Trustworthy_AI,Bagian 10,named,Sustainable Development Goals (2030 Agenda),,,False,1,"Recognizing further the rapid acceleration of the design, development, deployment and use of artificial intelligence systems and rapid technological change, and their potential impact in accelerating the achievement of the Sustainable Development Goals, therefore stressing the urgency of achieving global consensus on safe, secure and trustworthy artificial intelligence system s; facilitating inclusive international cooperation to formulate and use effective, internationally interoperable safeguards, practices and standards that promote innovation and prevent the fragmentation of the governance of safe, secure and trustworthy ar tificial intelligence systems; and recognizing also existing artificial intelligence and other digital divides, and the varying levels of technological development between and within countries, that developing countries face unique challenges in keeping pa ce with this rapid acceleration, which cause obstacles to sustainable development, the need to narrow the existing disparities between developed and developing countries in terms of conditions, possibilities"
UNGA_Res_78_265_Safe_Secure_Trustworthy_AI,Bagian 12,named,Sustainable Development Goals (2030 Agenda),,,False,2,"Resolves to promote safe, secure and trustworthy artificial intelligence systems to accelerate progress towards the full realization of the 2030 Agenda for Sustainable Development, 10 further bridging the artificial intelligence and other digital divides between and within countries; and stresses the need for the standard of safe, secure and trustworthy artificial intelligence systems to promote, not hinder, digital transformation and equitable access to their benefits in order to achieve all 17 Sustainable Development Goals and sustainable development three dimensions – economic, social and environmental – and address other shared global challenges, particularly for developing countries; its in 3."
UNGA_Res_78_265_Safe_Secure_Trustworthy_AI,Bagian 15,named,Sustainable Development Goals (2030 Agenda),,,False,2,"(b) Enhancing digital infrastructure connectivity and access to technological innovations through stronger partnerships to help developing countries effectively participate throughout the life cycle of artificial intelligence systems and accelerate the inclusive and positive contribution of artificial intelligence systems to society, including towards the full realization of the 2030 Agenda and its Sustainable Development Goals, while ensuring that artificial intelligence systems around the world are safe, secure and trustworthy throughout their life cycle; (c) Enhancing the ability of developing countries, in particular the l east developed countries, to address major structural impediments and lift obstacles to accessing the benefits of new and emerging technologies and artificial intelligence innovation to achieve all 17 Sustainable Development Goals, including through scaling up the use of scientific sources, affordable technology, research and development, including through strengthened partnerships;"
UNGA_Res_78_265_Safe_Secure_Trustworthy_AI,Bagian 16,named,Sustainable Development Goals (2030 Agenda),,,False,1,"(d) Aiming to increase funding for Sustainable Development Goals related research and innovation related to digital technologies and safe, secure and trustworthy artificial intelligence systems and build capacity in all regions and countries to contribute to and benefit from this research; (e) Enabling international innovation-based environments to enhance the ability of developing countries to develop technical expertise and capacities, harness data and compute resources, and national regulatory and governance approaches, frameworks and procurement capacity, and create an inclusive enabling environment at all levels for safe, secure and trustworthy artificial intelligence systems-based solutions; (f) Urgently mobilizing means of implementation such as technology transfer on mutually agreed terms, capacity building to close the artificial intelligence and other digital divides, technical assistance and financing to developing countries related to artificial intelligence systems in accordance with developing countries’ national needs, policies and priorities;"
UNGA_Res_78_265_Safe_Secure_Trustworthy_AI,Bagian 25,named,Sustainable Development Goals (2030 Agenda),,,False,1,"(o) Encouraging research and international cooperation to understand, balance and address the potential benefits and risks related to the role of artificial intelligence systems in bridging digital divides and achieving all 17 Sustainable Development Goals, including the role of scaling up of digital solutions such as open -source artificial intelligence systems; (p) Calling upon Member States to adopt specific measures to close the gender digital divide and to ensure that particular attention is paid to access, affordability, digital literacy, privacy and online safety, to enhance the use of digital technologies, including artificial intelligence systems, and to mainstream a disability, gender and racial equality perspective in policy decisions and the frameworks that guide them;"
UNGA_Res_78_265_Safe_Secure_Trustworthy_AI,Bagian 28,named,Sustainable Development Goals (2030 Agenda),,,False,1,"the discussion on developments in the area of artificial intelligence governance so that international approaches keep pace with the evolution of artificial intelligence systems and their uses; and encourages continued efforts by the international community to promote inclusive research, mapping and analysis that benefit all parties on the potential impacts and applications that artificial intelligence systems and rapid technological change can have in the development of existing and new and emerging technologies and on accelerating the achievement of all 17 Sustainable Development Goals, and to inform how to develop, promote and implement effective, internationally interoperable safeguards, practices, standards and tools for artificial intelligence designers, developers, evaluators, deployers, users and other stakeholders for safe, secure and trustworthy artificial intelligence systems; as well as stresses the need for Governments, the private sector, civil society, international and regional organizations, academia and research institutions and technical communities and all other s"
UNGA_Res_78_265_Safe_Secure_Trustworthy_AI,Bagian 32,named,Sustainable Development Goals (2030 Agenda),,,False,1,"10. Calls upon specialized agencies, funds, programmes, other entities, bodies and offices, and related organizations of the United Nations system, within their respective mandates and resources, to continue to assess and enhance their response to leverage the opportunities and address the challenges posed by artificial intelligence systems in a collaborative, coordinated and inclusive manner, through appropriate inter-agency mechanisms, including by conducting research, mapping and analysis that benefit all parties on the potential impacts and applications; reporting on progress and challenges in addressing issues; and cooperating with and assisting developing countries in capacity building, access and sharing the benefits of safe, secure and trustworthy artificial intelligence systems in achieving all 17 Sustainable Development Goals and sustainable development in its three dimensions – economic, social and environmental; stressing the need to close artificial intelligence and other digital divides between and within countries; 24-05969 7/8 A/RES/78/265"
UNGA_Res_78_265_Safe_Secure_Trustworthy_AI,Bagian 33,named,Universal Declaration of Human Rights,,,False,1,"Seizing the opportunities of safe, secure and trustworthy artificial intelligence systems for sustainable development 11. Recalls its resolution 76/307 of 8 September 2022 and its decision 77/568 of 1 September 2023 on the modalities and the scope of the Summit of the Future and, in this regard, looks forward to the development of a global digital compact; 12. Looks forward also to the overall review by the General Assembly, in 2025, of the progress made since the World Summit on the Information Society; 13. Acknowledges that the United Nations system, consistent with its mandate, uniquely contributes to reaching global consensus on safe, secure and trustworthy artificial intelligence systems, that is consistent with international law, in particular the Charter of the United Nations; the Universal Declaration of Human Rights; and the 2030 Agenda for Sustainable Development, including by promoting inclusive international cooperation and inclusion, participation and representation of developing countries in deliberations. facilitating the 63rd plenary meeting 21 March 2024 8/8 24-05969"
UNGA_Res_78_265_Safe_Secure_Trustworthy_AI,Bagian 33,named,Sustainable Development Goals (2030 Agenda),,,False,1,"Seizing the opportunities of safe, secure and trustworthy artificial intelligence systems for sustainable development 11. Recalls its resolution 76/307 of 8 September 2022 and its decision 77/568 of 1 September 2023 on the modalities and the scope of the Summit of the Future and, in this regard, looks forward to the development of a global digital compact; 12. Looks forward also to the overall review by the General Assembly, in 2025, of the progress made since the World Summit on the Information Society; 13. Acknowledges that the United Nations system, consistent with its mandate, uniquely contributes to reaching global consensus on safe, secure and trustworthy artificial intelligence systems, that is consistent with international law, in particular the Charter of the United Nations; the Universal Declaration of Human Rights; and the 2030 Agenda for Sustainable Development, including by promoting inclusive international cooperation and inclusion, participation and representation of developing countries in deliberations. facilitating the 63rd plenary meeting 21 March 2024 8/8 24-05969"
UNGA_Res_78_265_Safe_Secure_Trustworthy_AI,Bagian 33,named,Global Digital Compact (UNGA 78/311),UNGA_Res_78_311_Global_Digital_Compact_or_AI,,True,1,"Seizing the opportunities of safe, secure and trustworthy artificial intelligence systems for sustainable development 11. Recalls its resolution 76/307 of 8 September 2022 and its decision 77/568 of 1 September 2023 on the modalities and the scope of the Summit of the Future and, in this regard, looks forward to the development of a global digital compact; 12. Looks forward also to the overall review by the General Assembly, in 2025, of the progress made since the World Summit on the Information Society; 13. Acknowledges that the United Nations system, consistent with its mandate, uniquely contributes to reaching global consensus on safe, secure and trustworthy artificial intelligence systems, that is consistent with international law, in particular the Charter of the United Nations; the Universal Declaration of Human Rights; and the 2030 Agenda for Sustainable Development, including by promoting inclusive international cooperation and inclusion, participation and representation of developing countries in deliberations. facilitating the 63rd plenary meeting 21 March 2024 8/8 24-05969"
UNGA_Res_78_311_Global_Digital_Compact_or_AI,Bagian 1,named,Universal Declaration of Human Rights,,,False,1,"United Nations General Assembly A/RES/78/311 Distr.: General 5 July 2024 Seventy-eighth session Agenda item 13 Integrated and coordinated implementation of and follow-up to the outcomes of the major United Nations conferences and summits in the economic, social and related fields Resolution adopted by the General Assembly on 1 July 2024 [without reference to a Main Committee (A/78/L.86)] 78/311. Enhancing international cooperation on capacity-building of artificial intelligence The General Assembly, Reaffirming international law, in particular the Charter of the United Nations, and recalling the Universal Declaration of Human Rights, 1 Reaffirming also"
UNGA_Res_78_311_Global_Digital_Compact_or_AI,Bagian 2,named,Sustainable Development Goals (2030 Agenda),,,False,1,"its resolution 70/1 of 25 September 2015, entitled “Transforming our world: the 2030 Agenda for Sustainable Development”, its resolution 69/313 of 27 July 2015 on the Addis Ababa Action Agenda of the Third International Conference on Financing for Development, the political declaration adopted at the high-level political forum on sustainable development convened under the auspices of the General Assembly contained in the annex to its resolution 78/1 of 29 September 2023, and its resolution 70/125 of 16 December 2015, entitled “Outcome document of the high-level meeting of the General Assembly on the overall review of the implementation of the outcomes of the World Summit on the Information Society”,"
UNGA_Res_78_311_Global_Digital_Compact_or_AI,Bagian 3,named,Sustainable Development Goals (2030 Agenda),,,False,1,"Reaffirming its resolutions 78/265 of 21 March 2024, entitled “Seizing the opportunities of safe, secure and trustworthy artificial intelligence systems for sustainable development”, 77/320 of 25 July 2023, entitled “Impact of rapid technological change on the achievement of the Sustainable Development Goals and targets”, 78/132 of 19 December 2023, entitled “Information and communications technologies for sustainable development”, and 78/213 of 19 December 2023, entitled “Promotion and protection of human rights in the context of digital technologies”, __________________ 1 Resolution 217 A (III). 24-12313 (E) *2412313* A/RES/78/311 Enhancing international cooperation on capacity-building of artificial intelligence the potential intelligence has"
UNGA_Res_78_311_Global_Digital_Compact_or_AI,Bagian 3,named,"UNGA Res 78/265 (Safe, Secure, Trustworthy AI)",UNGA_Res_78_265_Safe_Secure_Trustworthy_AI,,True,2,"Reaffirming its resolutions 78/265 of 21 March 2024, entitled “Seizing the opportunities of safe, secure and trustworthy artificial intelligence systems for sustainable development”, 77/320 of 25 July 2023, entitled “Impact of rapid technological change on the achievement of the Sustainable Development Goals and targets”, 78/132 of 19 December 2023, entitled “Information and communications technologies for sustainable development”, and 78/213 of 19 December 2023, entitled “Promotion and protection of human rights in the context of digital technologies”, __________________ 1 Resolution 217 A (III). 24-12313 (E) *2412313* A/RES/78/311 Enhancing international cooperation on capacity-building of artificial intelligence the potential intelligence has"
UNGA_Res_78_311_Global_Digital_Compact_or_AI,Bagian 4,named,Sustainable Development Goals (2030 Agenda),,,False,1,"Recognizing that rapid technological change, including the rapid adva ncement of artificial to bring new opportunities for socioeconomic development and accelerate the progress and achievement of the Sustainable Development Goals and sustainable development in its three dimensions – economic, social and environmental – in a balanced and integrated manner, while recognizing also that the improper or malicious design, development, deployment and use of artificial intelligence systems, such as without adequate safeguards or in a manner inconsistent with international law, could pose potential risks and challenges, Recognizing that eradicating poverty in all its forms and dimensions, including extreme poverty, is the greatest global challenge for sustainable development and an indispensable requirement for sustainable development, testing, deployment, use,"
UNGA_Res_78_311_Global_Digital_Compact_or_AI,Bagian 5,named,"UNGA Res 78/265 (Safe, Secure, Trustworthy AI)",UNGA_Res_78_265_Safe_Secure_Trustworthy_AI,,True,1,"Stressing that artificial intelligence systems should be safe, secure and trustworthy – whose life cycle includes the stages: pre-design, design, development, evaluation, and decommissioning, are such that they are human-centric, reliable, explainable, ethical, inclusive, in full respect, promotion and protection of human rights and international law – in line with the principle of artificial intelligence for good for all, with the vision of a people-centred, inclusive and development-oriented information society, bearing in mind that this resolution focuses on international cooperation on artificial intelligence capacity-building in the non-military domain and does not touch the development or use of artificial intelligence for military purposes, sale, procurement, oper ation Emphasizing that Member States should enjoy equal opportunities in the design, development, deployment, decommissioning and use of artificial intelligence, while respecting intellectual property rights and promoting innovation,"
UNGA_Res_78_311_Global_Digital_Compact_or_AI,Bagian 8,named,"UNGA Res 78/265 (Safe, Secure, Trustworthy AI)",UNGA_Res_78_265_Safe_Secure_Trustworthy_AI,,True,1,"important role international, regional and subregional organizations and international financial institutions, the private sector, companies, civil society, the media, academia and research institutions an d technical communities and individuals, and other relevant stakeholders could play in enhancing artificial intelligence capacity-building and promoting safe, secure and trustworthy artificial intelligence systems for sustainable development, Stressing the importance of enhancing coordination and cooperation among and within countries and increasing investment in artificial intelligence capacity -building, with specific consideration of the needs, priorities and conditions of developing countries, and encouraging developed countries and developing countries in a position to do so, as well as international organizations and all relevant stakeholders, to take active measures,"
UNGA_Res_78_311_Global_Digital_Compact_or_AI,Bagian 9,named,Sustainable Development Goals (2030 Agenda),,,False,1,"Recognizing that the United Nations system has an important role to play in artificial intelligence capacity-building, and emphasizing that it is important to enhance international cooperation and multi-stakeholder collaboration on capacity- building and support developing countries’ effective, equitable and meaningful participation and representation in international processes and forums on the governance of artificial intelligence systems, 1. Resolves to bridge the artificial intelligence and other digital divides between and within countries, and to enhance international cooperation on capacity- building in developing countries, including through North-South, South-South and triangular cooperation, with full consideration of the needs, policies and priorities of developing countries, with the aim of harnessing the benefits of artificia l intelligence, minimizing the its risks, and accelerating achievement of all 17 Sustainable Development Goals; innovation and progress toward 2."
UNGA_Res_78_311_Global_Digital_Compact_or_AI,Bagian 12,named,"UNGA Res 78/265 (Safe, Secure, Trustworthy AI)",UNGA_Res_78_265_Safe_Secure_Trustworthy_AI,,True,1,"Enhancing international cooperation on capacity-building of artificial intelligence policies and priorities, and to hold training courses, seminars and workshops, among others for sharing experiences and best practices; 6. Calls upon the international community to provide and promote a fair, open, inclusive and non-discriminatory business environment across the life cycle of safe, secure and trustworthy artificial intelligence systems; 7."
UNGA_Res_78_311_Global_Digital_Compact_or_AI,Bagian 13,named,"UNGA Res 78/265 (Safe, Secure, Trustworthy AI)",UNGA_Res_78_265_Safe_Secure_Trustworthy_AI,,True,1,"Encourages Member States to consider the benefits and risks when scaling up the responsible use of digital solutions, such as open -source artificial intelligence and digital public infrastructure, among other methods and business models; to promote, protect and preserve linguistic and cultural diversity, taking into account multilingualism in their training data, particularly for the large language models; to adopt proactive measures to counteract racism, discrimination and other forms of algorithmic bias; and to enable fair competition in the artificial intelligence market place, promote an innovation environment and the use of digital public goods to harness the potential of safe, secure and trustworthy artificial intelligence systems; 8."
UU_ITE_No19_2016,Pasal 3,pasal_internal,Pasal 40,UU_ITE_No19_2016,Pasal 40,True,1,"1 (l) Setiap Orang dengan sengaja dan tanpa hak atau melawan hukum melakukan intersepsi atau penyadapan atas Informasi Elektronik dan/atau Dokumen Elektronik dalam suatu Komputer dan/atau Sistem Elektronik tertentu milik Orang lain. (21 Setiap Orang dengan sengaja dan tanpa hak atau melawan hukum melakukan intersepsi atas transmisi Informasi Elektronik dan/atau Dokumen Elektronik yang tidak bersifat publik dari, ke, dan di dalam suatu Komputer dan/atau Sistem Elektronik tertentu milik Orang lain, baik yang tidak menyebabkan perubahan apa pun maupun yang menyebabkan adanya perubahan, penghilangan, dan/atau penghentian Informasi Elektronik dan/atau Dokumen Elektronik yang sedang ditransmisikan. (3) Ketentuan . PRESIDEN REPU BLIK INDONESIA (3) Ketentuan sebagaimana dimaksud pada ayat (l) dan ayal (21 tidak berlaku terhadap intersepsi atau penyadapan yang dilakukan dalam rangka penegakan hukum atas permintaan kepolisian, kejaksaan, atau institusi lainnya yang kewenangannya ditetapkan berdasarkan undang- undang. (41 Ketentuan lebih mengenai tata cara intersepsi sebagaimana dimaksud pada ayat (3) diatur dengan undang-undang. 6. Di antara ayat (2) dan ayat (3) Pasal 40 disisipkan 2 (dua) ayat, yakni ayat (2al dan ayat (2b); ketentuan ayat (6)"
UU_ITE_No19_2016,Pasal 26,pasal_internal,Pasal 27,UU_ITE_No19_2016,Pasal 27,False,2,"(l) (21 Kecuali ditentukan lain oleh peraturan perundang- undangan, penggunaan setiap informasi melalui media elektronik yang menyangkut data pribadi seseorang harus dilakukan atas persetujuan Orang yang bersangkutan. Setiap Orang yang dilanggar haknya sebagaimana dimaksud pada ayat (1) dapat mengajukan gugatan atas kerugian yang ditimbulkan berdasarkan Undang-Undang ini. (3) Setiap. PRES IDEN REPUBLIK INDONESIA (3) Setiap Penyelenggara Sistem Elektronik wajib menghapus Informasi Elektronik dan/atau Dokumen Elektronik yang tidak relevan yang berada di bawah kendalinya atas permintaan Orang yang bersangkutan berdasarkan penetapan pengadilan. (41 Setiap Penyelenggara Sistem Elektronik wajib menyediakan mekanisme penghapusan Informasi Elektronik dan/ atau Dokumen Elektronik yang sudah tidak relevan sesuai dengan ketentuan peraturan perundang-undangan. (5) Ketentuan mengenai tata. cara penghapusan Informasi Elektronik dan/atau Dokumen Elektronik sebagaimana dimaksud pada ayat (3) dan ayat (41 diatur dalam peraturan pemerintah. 4. 5. Ketentuan Pasal 27 tetap dengan perubahan penjelasan ayat (1), ayat (3), dan ayat (4) sehingga penjelasan Pasal 27 menjadi sebagaimana ditetapkan dalam penjelasan pasal demi pasal Undang-Undang ini. Ketentuan ayat (3) dan ayat (4) Pasal 31 diubah sehingga"
UU_ITE_No19_2016,Pasal 26,pasal_internal,Pasal 31,UU_ITE_No19_2016,Pasal 31,False,1,"(l) (21 Kecuali ditentukan lain oleh peraturan perundang- undangan, penggunaan setiap informasi melalui media elektronik yang menyangkut data pribadi seseorang harus dilakukan atas persetujuan Orang yang bersangkutan. Setiap Orang yang dilanggar haknya sebagaimana dimaksud pada ayat (1) dapat mengajukan gugatan atas kerugian yang ditimbulkan berdasarkan Undang-Undang ini. (3) Setiap. PRES IDEN REPUBLIK INDONESIA (3) Setiap Penyelenggara Sistem Elektronik wajib menghapus Informasi Elektronik dan/atau Dokumen Elektronik yang tidak relevan yang berada di bawah kendalinya atas permintaan Orang yang bersangkutan berdasarkan penetapan pengadilan. (41 Setiap Penyelenggara Sistem Elektronik wajib menyediakan mekanisme penghapusan Informasi Elektronik dan/ atau Dokumen Elektronik yang sudah tidak relevan sesuai dengan ketentuan peraturan perundang-undangan. (5) Ketentuan mengenai tata. cara penghapusan Informasi Elektronik dan/atau Dokumen Elektronik sebagaimana dimaksud pada ayat (3) dan ayat (41 diatur dalam peraturan pemerintah. 4. 5. Ketentuan Pasal 27 tetap dengan perubahan penjelasan ayat (1), ayat (3), dan ayat (4) sehingga penjelasan Pasal 27 menjadi sebagaimana ditetapkan dalam penjelasan pasal demi pasal Undang-Undang ini. Ketentuan ayat (3) dan ayat (4) Pasal 31 diubah sehingga"
UU_ITE_No19_2016,Pasal 45,pasal_internal,Pasal 27,UU_ITE_No19_2016,Pasal 27,False,4,"Setiap Orang yang dengan sengaja dan tanpa hak mendistribusikan dan/atau mentransmisikan dan/ atau membuat dapat diaksesnya Informasi Elektronik dan/atau Dokumen Elektronik yang memiliki muatan yang melanggar kesusilaan sebagaimana dimaksud dalam Pasal 27 ayat (ll dipidana dengan pidana penjara paling lama 6 (enam) tahun dan/ atau denda paling banyak Rp 1.000.000.000,00 (satu miliar rupiah). Setiap Orang yang dengan sengaja dan tanpa hak mendistribusikan dan/atau mentransmisikan dan/atau membuat dapat diaksesnya Informasi Elektronik dan/atau Dokumen Elektronik yang memiliki muatan perjudian sebagaimana dimaLsud dalam Pasal 27 ayat (2) dipidana dengan pidana penjara paling lama 6 (enam) tahun dan/atau denda paling banyak Rp1.000.000.000,00 (satu miliar rupiah). Setiap Orang yang dengan sengaja dan tanpa hak mendistribusikan dan/atau mentransmisikan dan/atau membuat dapat diaksesnya Informasi Elektronik dan/atau Dokumen Elektronik yang memiliki muatan penghinaan dan/atau pencemaran nama baik sebagaimana dimaksud dalam Pasal 27 ayat (3) dipidana dengan pidana penjara paling lama 4 (empat) tahun dan/atau denda paling banyak Rp750.000.000,00 (tujuh ratus lima puluh juta rupiah). Setiap Orang yang dengan sengaja dan tanpa hak mendistribusikan dan/atau mentransmisikan dan/ atau membuat dapat diaksesnya Informasi Elektronik dan/ atau Dokumen Elektronik yang memiliki muatan pemerasan dan/atau pengancaman sebagaimana dimaksud dalam Pasal 27 ayat (4) dipidana dengan pidana penjara paling lama 6 (enam) tahun dan/atau denda paling banyak Rp 1.000.000.000,00 (satu miliar rupiah). (5) Ket"
UU_ITE_No19_2016,Pembukaan,named,UUD 1945,,,False,1,"Menimbang : a. bahwa untuk menjamin pengakuan serta penghormatan atas hak dan kebebasan orang lain dan untuk memenuhi tuntutan yang adil sesuai dengan pertimbangan keamanan dan ketertiban umum dalam suatu masyarakat yang demokratis perlu dilakukan perubahan terhadap Undang-Undang Nomor 11 Tahun 2O0g tentang Informasi dan Transaksi Elektronik agar terwujud keadilan, ketertiban umum, dan kepastian hukum; b. bahwa berdasarkan pertimbangan sebagaimana dimaksud dalam huruf a, perlu membentuk Undang_ Undang tentang perubahan atas Undang_Undang Nomor 11 Tahun 2008 tentang Informasi dan Transaksi Elektronik; Mengingat : 1. Pasal 5 ayat (l), pasal 20, pasal 25A, pasal 2gD ayat (1), Pasal 28E ayat (21, pasal 28E ayat (3), pasal 28F, pasal 28G ayat (1), pasal 28J ayat (2), dan pasal 33 ayat (2) Undang-Undang Dasar Negara Republik Indonesia Tahun 1945; 2. Undang-Undang Nomor l l Tahun 200g tentang Informasi. dan Transaksi Elektronik (Lembaran Negara Republik Indonesia Tahun 2O08 Nomor Sg, Tambahan Lembaran Negara Republik Indonesia Nomor 4g43); Dengan q,D PRES IDEN REPUBLIK INDONESIA Dengan Persetujuan Bersama DEWAN PERWAKILAN RAKYAT REPUBLIK INDONESIA dan"
UU_ITE_No19_2016,Pembukaan,pasal_external,Pasal 5,,Pasal 5,False,1,"Menimbang : a. bahwa untuk menjamin pengakuan serta penghormatan atas hak dan kebebasan orang lain dan untuk memenuhi tuntutan yang adil sesuai dengan pertimbangan keamanan dan ketertiban umum dalam suatu masyarakat yang demokratis perlu dilakukan perubahan terhadap Undang-Undang Nomor 11 Tahun 2O0g tentang Informasi dan Transaksi Elektronik agar terwujud keadilan, ketertiban umum, dan kepastian hukum; b. bahwa berdasarkan pertimbangan sebagaimana dimaksud dalam huruf a, perlu membentuk Undang_ Undang tentang perubahan atas Undang_Undang Nomor 11 Tahun 2008 tentang Informasi dan Transaksi Elektronik; Mengingat : 1. Pasal 5 ayat (l), pasal 20, pasal 25A, pasal 2gD ayat (1), Pasal 28E ayat (21, pasal 28E ayat (3), pasal 28F, pasal 28G ayat (1), pasal 28J ayat (2), dan pasal 33 ayat (2) Undang-Undang Dasar Negara Republik Indonesia Tahun 1945; 2. Undang-Undang Nomor l l Tahun 200g tentang Informasi. dan Transaksi Elektronik (Lembaran Negara Republik Indonesia Tahun 2O08 Nomor Sg, Tambahan Lembaran Negara Republik Indonesia Nomor 4g43); Dengan q,D PRES IDEN REPUBLIK INDONESIA Dengan Persetujuan Bersama DEWAN PERWAKILAN RAKYAT REPUBLIK INDONESIA dan"
UU_ITE_No19_2016,Pembukaan,pasal_external,Pasal 20,,Pasal 20,False,1,"Menimbang : a. bahwa untuk menjamin pengakuan serta penghormatan atas hak dan kebebasan orang lain dan untuk memenuhi tuntutan yang adil sesuai dengan pertimbangan keamanan dan ketertiban umum dalam suatu masyarakat yang demokratis perlu dilakukan perubahan terhadap Undang-Undang Nomor 11 Tahun 2O0g tentang Informasi dan Transaksi Elektronik agar terwujud keadilan, ketertiban umum, dan kepastian hukum; b. bahwa berdasarkan pertimbangan sebagaimana dimaksud dalam huruf a, perlu membentuk Undang_ Undang tentang perubahan atas Undang_Undang Nomor 11 Tahun 2008 tentang Informasi dan Transaksi Elektronik; Mengingat : 1. Pasal 5 ayat (l), pasal 20, pasal 25A, pasal 2gD ayat (1), Pasal 28E ayat (21, pasal 28E ayat (3), pasal 28F, pasal 28G ayat (1), pasal 28J ayat (2), dan pasal 33 ayat (2) Undang-Undang Dasar Negara Republik Indonesia Tahun 1945; 2. Undang-Undang Nomor l l Tahun 200g tentang Informasi. dan Transaksi Elektronik (Lembaran Negara Republik Indonesia Tahun 2O08 Nomor Sg, Tambahan Lembaran Negara Republik Indonesia Nomor 4g43); Dengan q,D PRES IDEN REPUBLIK INDONESIA Dengan Persetujuan Bersama DEWAN PERWAKILAN RAKYAT REPUBLIK INDONESIA dan"
UU_ITE_No19_2016,Pembukaan,pasal_external,Pasal 25A,,Pasal 25A,False,1,"Menimbang : a. bahwa untuk menjamin pengakuan serta penghormatan atas hak dan kebebasan orang lain dan untuk memenuhi tuntutan yang adil sesuai dengan pertimbangan keamanan dan ketertiban umum dalam suatu masyarakat yang demokratis perlu dilakukan perubahan terhadap Undang-Undang Nomor 11 Tahun 2O0g tentang Informasi dan Transaksi Elektronik agar terwujud keadilan, ketertiban umum, dan kepastian hukum; b. bahwa berdasarkan pertimbangan sebagaimana dimaksud dalam huruf a, perlu membentuk Undang_ Undang tentang perubahan atas Undang_Undang Nomor 11 Tahun 2008 tentang Informasi dan Transaksi Elektronik; Mengingat : 1. Pasal 5 ayat (l), pasal 20, pasal 25A, pasal 2gD ayat (1), Pasal 28E ayat (21, pasal 28E ayat (3), pasal 28F, pasal 28G ayat (1), pasal 28J ayat (2), dan pasal 33 ayat (2) Undang-Undang Dasar Negara Republik Indonesia Tahun 1945; 2. Undang-Undang Nomor l l Tahun 200g tentang Informasi. dan Transaksi Elektronik (Lembaran Negara Republik Indonesia Tahun 2O08 Nomor Sg, Tambahan Lembaran Negara Republik Indonesia Nomor 4g43); Dengan q,D PRES IDEN REPUBLIK INDONESIA Dengan Persetujuan Bersama DEWAN PERWAKILAN RAKYAT REPUBLIK INDONESIA dan"
UU_ITE_No19_2016,Pembukaan,pasal_external,Pasal 2g,,Pasal 2g,False,1,"Menimbang : a. bahwa untuk menjamin pengakuan serta penghormatan atas hak dan kebebasan orang lain dan untuk memenuhi tuntutan yang adil sesuai dengan pertimbangan keamanan dan ketertiban umum dalam suatu masyarakat yang demokratis perlu dilakukan perubahan terhadap Undang-Undang Nomor 11 Tahun 2O0g tentang Informasi dan Transaksi Elektronik agar terwujud keadilan, ketertiban umum, dan kepastian hukum; b. bahwa berdasarkan pertimbangan sebagaimana dimaksud dalam huruf a, perlu membentuk Undang_ Undang tentang perubahan atas Undang_Undang Nomor 11 Tahun 2008 tentang Informasi dan Transaksi Elektronik; Mengingat : 1. Pasal 5 ayat (l), pasal 20, pasal 25A, pasal 2gD ayat (1), Pasal 28E ayat (21, pasal 28E ayat (3), pasal 28F, pasal 28G ayat (1), pasal 28J ayat (2), dan pasal 33 ayat (2) Undang-Undang Dasar Negara Republik Indonesia Tahun 1945; 2. Undang-Undang Nomor l l Tahun 200g tentang Informasi. dan Transaksi Elektronik (Lembaran Negara Republik Indonesia Tahun 2O08 Nomor Sg, Tambahan Lembaran Negara Republik Indonesia Nomor 4g43); Dengan q,D PRES IDEN REPUBLIK INDONESIA Dengan Persetujuan Bersama DEWAN PERWAKILAN RAKYAT REPUBLIK INDONESIA dan"
UU_ITE_No19_2016,Pembukaan,pasal_external,Pasal 28E,,Pasal 28E,False,1,"Menimbang : a. bahwa untuk menjamin pengakuan serta penghormatan atas hak dan kebebasan orang lain dan untuk memenuhi tuntutan yang adil sesuai dengan pertimbangan keamanan dan ketertiban umum dalam suatu masyarakat yang demokratis perlu dilakukan perubahan terhadap Undang-Undang Nomor 11 Tahun 2O0g tentang Informasi dan Transaksi Elektronik agar terwujud keadilan, ketertiban umum, dan kepastian hukum; b. bahwa berdasarkan pertimbangan sebagaimana dimaksud dalam huruf a, perlu membentuk Undang_ Undang tentang perubahan atas Undang_Undang Nomor 11 Tahun 2008 tentang Informasi dan Transaksi Elektronik; Mengingat : 1. Pasal 5 ayat (l), pasal 20, pasal 25A, pasal 2gD ayat (1), Pasal 28E ayat (21, pasal 28E ayat (3), pasal 28F, pasal 28G ayat (1), pasal 28J ayat (2), dan pasal 33 ayat (2) Undang-Undang Dasar Negara Republik Indonesia Tahun 1945; 2. Undang-Undang Nomor l l Tahun 200g tentang Informasi. dan Transaksi Elektronik (Lembaran Negara Republik Indonesia Tahun 2O08 Nomor Sg, Tambahan Lembaran Negara Republik Indonesia Nomor 4g43); Dengan q,D PRES IDEN REPUBLIK INDONESIA Dengan Persetujuan Bersama DEWAN PERWAKILAN RAKYAT REPUBLIK INDONESIA dan"
UU_ITE_No19_2016,Pembukaan,pasal_external,Pasal 28E ayat (3),,Pasal 28E,False,1,"Menimbang : a. bahwa untuk menjamin pengakuan serta penghormatan atas hak dan kebebasan orang lain dan untuk memenuhi tuntutan yang adil sesuai dengan pertimbangan keamanan dan ketertiban umum dalam suatu masyarakat yang demokratis perlu dilakukan perubahan terhadap Undang-Undang Nomor 11 Tahun 2O0g tentang Informasi dan Transaksi Elektronik agar terwujud keadilan, ketertiban umum, dan kepastian hukum; b. bahwa berdasarkan pertimbangan sebagaimana dimaksud dalam huruf a, perlu membentuk Undang_ Undang tentang perubahan atas Undang_Undang Nomor 11 Tahun 2008 tentang Informasi dan Transaksi Elektronik; Mengingat : 1. Pasal 5 ayat (l), pasal 20, pasal 25A, pasal 2gD ayat (1), Pasal 28E ayat (21, pasal 28E ayat (3), pasal 28F, pasal 28G ayat (1), pasal 28J ayat (2), dan pasal 33 ayat (2) Undang-Undang Dasar Negara Republik Indonesia Tahun 1945; 2. Undang-Undang Nomor l l Tahun 200g tentang Informasi. dan Transaksi Elektronik (Lembaran Negara Republik Indonesia Tahun 2O08 Nomor Sg, Tambahan Lembaran Negara Republik Indonesia Nomor 4g43); Dengan q,D PRES IDEN REPUBLIK INDONESIA Dengan Persetujuan Bersama DEWAN PERWAKILAN RAKYAT REPUBLIK INDONESIA dan"
UU_ITE_No19_2016,Pembukaan,pasal_external,Pasal 28F,,Pasal 28F,False,1,"Menimbang : a. bahwa untuk menjamin pengakuan serta penghormatan atas hak dan kebebasan orang lain dan untuk memenuhi tuntutan yang adil sesuai dengan pertimbangan keamanan dan ketertiban umum dalam suatu masyarakat yang demokratis perlu dilakukan perubahan terhadap Undang-Undang Nomor 11 Tahun 2O0g tentang Informasi dan Transaksi Elektronik agar terwujud keadilan, ketertiban umum, dan kepastian hukum; b. bahwa berdasarkan pertimbangan sebagaimana dimaksud dalam huruf a, perlu membentuk Undang_ Undang tentang perubahan atas Undang_Undang Nomor 11 Tahun 2008 tentang Informasi dan Transaksi Elektronik; Mengingat : 1. Pasal 5 ayat (l), pasal 20, pasal 25A, pasal 2gD ayat (1), Pasal 28E ayat (21, pasal 28E ayat (3), pasal 28F, pasal 28G ayat (1), pasal 28J ayat (2), dan pasal 33 ayat (2) Undang-Undang Dasar Negara Republik Indonesia Tahun 1945; 2. Undang-Undang Nomor l l Tahun 200g tentang Informasi. dan Transaksi Elektronik (Lembaran Negara Republik Indonesia Tahun 2O08 Nomor Sg, Tambahan Lembaran Negara Republik Indonesia Nomor 4g43); Dengan q,D PRES IDEN REPUBLIK INDONESIA Dengan Persetujuan Bersama DEWAN PERWAKILAN RAKYAT REPUBLIK INDONESIA dan"
UU_ITE_No19_2016,Pembukaan,pasal_external,Pasal 28G ayat (1),,Pasal 28G,False,1,"Menimbang : a. bahwa untuk menjamin pengakuan serta penghormatan atas hak dan kebebasan orang lain dan untuk memenuhi tuntutan yang adil sesuai dengan pertimbangan keamanan dan ketertiban umum dalam suatu masyarakat yang demokratis perlu dilakukan perubahan terhadap Undang-Undang Nomor 11 Tahun 2O0g tentang Informasi dan Transaksi Elektronik agar terwujud keadilan, ketertiban umum, dan kepastian hukum; b. bahwa berdasarkan pertimbangan sebagaimana dimaksud dalam huruf a, perlu membentuk Undang_ Undang tentang perubahan atas Undang_Undang Nomor 11 Tahun 2008 tentang Informasi dan Transaksi Elektronik; Mengingat : 1. Pasal 5 ayat (l), pasal 20, pasal 25A, pasal 2gD ayat (1), Pasal 28E ayat (21, pasal 28E ayat (3), pasal 28F, pasal 28G ayat (1), pasal 28J ayat (2), dan pasal 33 ayat (2) Undang-Undang Dasar Negara Republik Indonesia Tahun 1945; 2. Undang-Undang Nomor l l Tahun 200g tentang Informasi. dan Transaksi Elektronik (Lembaran Negara Republik Indonesia Tahun 2O08 Nomor Sg, Tambahan Lembaran Negara Republik Indonesia Nomor 4g43); Dengan q,D PRES IDEN REPUBLIK INDONESIA Dengan Persetujuan Bersama DEWAN PERWAKILAN RAKYAT REPUBLIK INDONESIA dan"
UU_ITE_No19_2016,Pembukaan,pasal_external,Pasal 28J ayat (2),,Pasal 28J,False,1,"Menimbang : a. bahwa untuk menjamin pengakuan serta penghormatan atas hak dan kebebasan orang lain dan untuk memenuhi tuntutan yang adil sesuai dengan pertimbangan keamanan dan ketertiban umum dalam suatu masyarakat yang demokratis perlu dilakukan perubahan terhadap Undang-Undang Nomor 11 Tahun 2O0g tentang Informasi dan Transaksi Elektronik agar terwujud keadilan, ketertiban umum, dan kepastian hukum; b. bahwa berdasarkan pertimbangan sebagaimana dimaksud dalam huruf a, perlu membentuk Undang_ Undang tentang perubahan atas Undang_Undang Nomor 11 Tahun 2008 tentang Informasi dan Transaksi Elektronik; Mengingat : 1. Pasal 5 ayat (l), pasal 20, pasal 25A, pasal 2gD ayat (1), Pasal 28E ayat (21, pasal 28E ayat (3), pasal 28F, pasal 28G ayat (1), pasal 28J ayat (2), dan pasal 33 ayat (2) Undang-Undang Dasar Negara Republik Indonesia Tahun 1945; 2. Undang-Undang Nomor l l Tahun 200g tentang Informasi. dan Transaksi Elektronik (Lembaran Negara Republik Indonesia Tahun 2O08 Nomor Sg, Tambahan Lembaran Negara Republik Indonesia Nomor 4g43); Dengan q,D PRES IDEN REPUBLIK INDONESIA Dengan Persetujuan Bersama DEWAN PERWAKILAN RAKYAT REPUBLIK INDONESIA dan"
UU_ITE_No19_2016,Pembukaan,pasal_external,Pasal 33 ayat (2) UUD 1945,,Pasal 33,False,1,"Menimbang : a. bahwa untuk menjamin pengakuan serta penghormatan atas hak dan kebebasan orang lain dan untuk memenuhi tuntutan yang adil sesuai dengan pertimbangan keamanan dan ketertiban umum dalam suatu masyarakat yang demokratis perlu dilakukan perubahan terhadap Undang-Undang Nomor 11 Tahun 2O0g tentang Informasi dan Transaksi Elektronik agar terwujud keadilan, ketertiban umum, dan kepastian hukum; b. bahwa berdasarkan pertimbangan sebagaimana dimaksud dalam huruf a, perlu membentuk Undang_ Undang tentang perubahan atas Undang_Undang Nomor 11 Tahun 2008 tentang Informasi dan Transaksi Elektronik; Mengingat : 1. Pasal 5 ayat (l), pasal 20, pasal 25A, pasal 2gD ayat (1), Pasal 28E ayat (21, pasal 28E ayat (3), pasal 28F, pasal 28G ayat (1), pasal 28J ayat (2), dan pasal 33 ayat (2) Undang-Undang Dasar Negara Republik Indonesia Tahun 1945; 2. Undang-Undang Nomor l l Tahun 200g tentang Informasi. dan Transaksi Elektronik (Lembaran Negara Republik Indonesia Tahun 2O08 Nomor Sg, Tambahan Lembaran Negara Republik Indonesia Nomor 4g43); Dengan q,D PRES IDEN REPUBLIK INDONESIA Dengan Persetujuan Bersama DEWAN PERWAKILAN RAKYAT REPUBLIK INDONESIA dan"
UU_ITE_No1_2024,Pasal 13,pasal_internal,Pasal 14,UU_ITE_No1_2024,Pasal 14,False,1,"(1) Setiap Orang berhak menggunakan Penyelenggara Sertifikasi Elektronik pembuatan Tanda Tangan Elektronik. Jasa untuk (21 Penyelenggara Sertilikasi Elektronik harus memastikan keterkaitan suatu Tanda Tangan Elektronik dengan pemiliknya. (3) Penyelenggara Sertifikasi Elektronik yang beroperasi di Indonesia harus berbadan hukum Indonesia dan berdomisili di Indonesia. (4) Ketentuan. i IHirEftXTIf.T.TIfdfA (4) Ketentuan sebagaimana dimaksud pada ayat (3) dikecualikan dalam hal penyelenggaraan layanan yang menggunakan Sertifikat Elektronik belum tersedia di Indonesia. (5) Pengakuan timbal balik (mutual recognition) untuk mengenali Sertifikat Elektronik antarnegara didasarkan pada perjanjian kerja sEuna. (6) Ketentuan lebih mengenai Penyelenggara Sertifikasi Elektronik sebagaimana dimaksud pada ayat (3), ayat (4), dan ayat (5) diatur dalam Peraturan Pemerintah. Di antara Pasal 13 dan Pasal 14 disisipkan I (satu) pasal, yakni Pasal 13A sehingga berbunyi sebagai berikut:"
UU_ITE_No1_2024,Pasal 13,pasal_internal,Pasal 13A,UU_ITE_No1_2024,Pasal 13A,True,1,"(1) Setiap Orang berhak menggunakan Penyelenggara Sertifikasi Elektronik pembuatan Tanda Tangan Elektronik. Jasa untuk (21 Penyelenggara Sertilikasi Elektronik harus memastikan keterkaitan suatu Tanda Tangan Elektronik dengan pemiliknya. (3) Penyelenggara Sertifikasi Elektronik yang beroperasi di Indonesia harus berbadan hukum Indonesia dan berdomisili di Indonesia. (4) Ketentuan. i IHirEftXTIf.T.TIfdfA (4) Ketentuan sebagaimana dimaksud pada ayat (3) dikecualikan dalam hal penyelenggaraan layanan yang menggunakan Sertifikat Elektronik belum tersedia di Indonesia. (5) Pengakuan timbal balik (mutual recognition) untuk mengenali Sertifikat Elektronik antarnegara didasarkan pada perjanjian kerja sEuna. (6) Ketentuan lebih mengenai Penyelenggara Sertifikasi Elektronik sebagaimana dimaksud pada ayat (3), ayat (4), dan ayat (5) diatur dalam Peraturan Pemerintah. Di antara Pasal 13 dan Pasal 14 disisipkan I (satu) pasal, yakni Pasal 13A sehingga berbunyi sebagai berikut:"
UU_ITE_No1_2024,Pasal 16B,pasal_internal,Pasal 16A,UU_ITE_No1_2024,Pasal 16A,True,1,"(1) Pelanggaran terhadap ketentuan sebagaimana dimaksud dalam Pasal 16A dikenai sanksi administratif. (21 Sanksi administratif sebagaimana dimaksud pada ayat (1) dapat berupa: a. teguran tertulis; b. dendaadministratif; c. penghentian sementara; dan/atau d. pemutusan Akses. (3) Ketentuan lebih mengenai pengenaan sanksi administratif sebagaimana dimaksud pada ayat (1) dan ayat (21 diatur dalam Peraturan Pemerintah. 6 Ketentuan ayat (1) Pasal 17 diubah, dan di antara ayal l2l dan ayat (3) Pasal 17 disisipkan 1 (satu) ayat, yakni ayat (2a1, dar ketentuan ayat (3) Pasal 17 diubah sehingga Pasal 17 berbunyi sebagai berikut:"
UU_ITE_No1_2024,Pasal 16B,pasal_internal,Pasal 17,UU_ITE_No1_2024,Pasal 17,True,4,"(1) Pelanggaran terhadap ketentuan sebagaimana dimaksud dalam Pasal 16A dikenai sanksi administratif. (21 Sanksi administratif sebagaimana dimaksud pada ayat (1) dapat berupa: a. teguran tertulis; b. dendaadministratif; c. penghentian sementara; dan/atau d. pemutusan Akses. (3) Ketentuan lebih mengenai pengenaan sanksi administratif sebagaimana dimaksud pada ayat (1) dan ayat (21 diatur dalam Peraturan Pemerintah. 6 Ketentuan ayat (1) Pasal 17 diubah, dan di antara ayal l2l dan ayat (3) Pasal 17 disisipkan 1 (satu) ayat, yakni ayat (2a1, dar ketentuan ayat (3) Pasal 17 diubah sehingga Pasal 17 berbunyi sebagai berikut:"
UU_ITE_No1_2024,Pasal 17,pasal_internal,Pasal 18,UU_ITE_No1_2024,Pasal 18,False,1,"(1) Penyelenggaraan Transaksi Elektronik dapat dilakukan dalam lingkup publik atau privat. (2) Para pihak yang melakukan Transaksi Elektronik sebagaimana dimaksud pada ayat (1) wajib beriktikad baik dalam melakukan interaksi dan/ atau pertukaran Informasi Elektronik dan/ atau Dokumen Elektronik selama transaksi berlangsung. (2a) Transaksi. :Ili iirl. IIIilNIinIiiEIA (2a) Transaksi Elektronik yang memiliki risiko tinggi bagi para pihak menggunakan Tanda Tangan Elektronik yang diamankan dengan Sertilikat Elektronik. (3) Ketentuan mengenai irenyelenggaraan Transaksi Elektronik sebagaimana dimaksud pada ayat (ll, ayat (21, dan ayat (2al diatur dalam Peraturan Pemerintah. lebih 7 Di antara Pasal 18 dan Pasal 19 disisipkan I (satu) pasal, yakni Pasal 18A sehingga berbunyi sebagai berikut:"
UU_ITE_No1_2024,Pasal 17,pasal_internal,Pasal 19,UU_ITE_No1_2024,Pasal 19,False,1,"(1) Penyelenggaraan Transaksi Elektronik dapat dilakukan dalam lingkup publik atau privat. (2) Para pihak yang melakukan Transaksi Elektronik sebagaimana dimaksud pada ayat (1) wajib beriktikad baik dalam melakukan interaksi dan/ atau pertukaran Informasi Elektronik dan/ atau Dokumen Elektronik selama transaksi berlangsung. (2a) Transaksi. :Ili iirl. IIIilNIinIiiEIA (2a) Transaksi Elektronik yang memiliki risiko tinggi bagi para pihak menggunakan Tanda Tangan Elektronik yang diamankan dengan Sertilikat Elektronik. (3) Ketentuan mengenai irenyelenggaraan Transaksi Elektronik sebagaimana dimaksud pada ayat (ll, ayat (21, dan ayat (2al diatur dalam Peraturan Pemerintah. lebih 7 Di antara Pasal 18 dan Pasal 19 disisipkan I (satu) pasal, yakni Pasal 18A sehingga berbunyi sebagai berikut:"
UU_ITE_No1_2024,Pasal 17,pasal_internal,Pasal 18A,UU_ITE_No1_2024,Pasal 18A,True,1,"(1) Penyelenggaraan Transaksi Elektronik dapat dilakukan dalam lingkup publik atau privat. (2) Para pihak yang melakukan Transaksi Elektronik sebagaimana dimaksud pada ayat (1) wajib beriktikad baik dalam melakukan interaksi dan/ atau pertukaran Informasi Elektronik dan/ atau Dokumen Elektronik selama transaksi berlangsung. (2a) Transaksi. :Ili iirl. IIIilNIinIiiEIA (2a) Transaksi Elektronik yang memiliki risiko tinggi bagi para pihak menggunakan Tanda Tangan Elektronik yang diamankan dengan Sertilikat Elektronik. (3) Ketentuan mengenai irenyelenggaraan Transaksi Elektronik sebagaimana dimaksud pada ayat (ll, ayat (21, dan ayat (2al diatur dalam Peraturan Pemerintah. lebih 7 Di antara Pasal 18 dan Pasal 19 disisipkan I (satu) pasal, yakni Pasal 18A sehingga berbunyi sebagai berikut:"
UU_ITE_No1_2024,Pasal 18A,pasal_internal,Pasal 27,UU_ITE_No1_2024,Pasal 27,True,1,"(1) Kontrak Elektronik internasional yang menggunakan klausula baku yang dibuat oleh Penyelenggara Sistem Elektronik diatur dengan hukum Indonesia dalam hal: a. pengguna layanan Penyelenggara Sistem Elektronik sebagai salah satu pihak dalam Transaksi Elektronik berasal dari Indonesia dan memberikan persetqjuannya dari atau dalam yurisdiksi Indonesia; b. tempat pelaksanaan kontrak ada di wilayah Indonesia; dan/ atau c. Penyelenggara Sistem Elektronik memiliki tempat usaha atau melakukan kegiatan usaha di wilayah Indonesia. (21 Kontrak Elektronik sebagaimana dimaksud pada ayat (1) menggunakan bahasa yang sederhana, jelas, dan mudah dipahami, serta menjunjung prinsip iktikad baik dan transparansi. 8 Ketentuan Pasal 27 diubah sehingga berbunyi sebagai berikut: PasaJ2T. A LIK iNf.ftIf+TA -l"
UU_ITE_No1_2024,Pasal 27,pasal_internal,Pasal 28,UU_ITE_No1_2024,Pasal 28,True,1,"(1) Setiap Orang dengan sengaja dan tanpa hak menyiarkan, mempertunjukkan, mendistribusikan, mentransmisikan, dan/atau membuat dapat diaksesnya Informasi Elektronik dan/ atau Dokumen Elektronik yang memiliki muatan yang melanggar kesusilaan untuk diketahui umum. (21 Setiap Orang dengan sengaja dan tanpa hak mendistribusikan, mentransmisikan, dan/atau membuat dapat diaksesnya Informasi Elektronik dan/atau Dokumen Elektronik yang memiliki muatan perjudian. 9 Di antara Pasal 27 dan Pasal 28 disisipkan 2 (dua) pasal, yakni Pasil 27A dan Pasal 27B sehingga berbunyi sebagai berikut: Pasal2TA Setiap Orang dengan sengaja menyerang kehormatan atau nama baik orang lain dengan cara menuduhkan suatu hal, dengan maksud supaya hal tersebut diketahui umum dalam bentuk Informasi Elektronik dan/ atau Dokumen Elektronik yang dilakukan melalui Sistem Elektronik."
UU_ITE_No1_2024,Pasal 27,pasal_internal,Pasal 27B,UU_ITE_No1_2024,Pasal 27B,True,1,"(1) Setiap Orang dengan sengaja dan tanpa hak menyiarkan, mempertunjukkan, mendistribusikan, mentransmisikan, dan/atau membuat dapat diaksesnya Informasi Elektronik dan/ atau Dokumen Elektronik yang memiliki muatan yang melanggar kesusilaan untuk diketahui umum. (21 Setiap Orang dengan sengaja dan tanpa hak mendistribusikan, mentransmisikan, dan/atau membuat dapat diaksesnya Informasi Elektronik dan/atau Dokumen Elektronik yang memiliki muatan perjudian. 9 Di antara Pasal 27 dan Pasal 28 disisipkan 2 (dua) pasal, yakni Pasil 27A dan Pasal 27B sehingga berbunyi sebagai berikut: Pasal2TA Setiap Orang dengan sengaja menyerang kehormatan atau nama baik orang lain dengan cara menuduhkan suatu hal, dengan maksud supaya hal tersebut diketahui umum dalam bentuk Informasi Elektronik dan/ atau Dokumen Elektronik yang dilakukan melalui Sistem Elektronik."
UU_ITE_No1_2024,Pasal 27B,pasal_internal,Pasal 28,UU_ITE_No1_2024,Pasal 28,True,1,"(1) Setiap Orang dengan sengaja dan tanpa hak mendistribusikan dan/atau mentransmisikan Informasi Elektronik dan/atau Dokumen Elektronik, dengan maksud untuk menguntungkan diri sendiri atau orang lain secara melawan hukum, memaksa orang dengan ancaman kekerasan untuk: a. memberikan suatu barang, yang sebagian atau seluruhnya milik orang tersebut atau milik orang lain; atau b. memberi. PRESIDEN NEPUELIK INDONESTA b memberi utang, membuat pengakuan utang, atau menghapuskan piutang. (21 Setiap Orang dengan sengaja dan tanpa hak mendistribusikan dan/atau mentransmisikan Informasi Elektronik dan/atau Dokumen Elektronik, dengan maksud untuk menguntungkan diri sendiri atau orang lain secara melawan hukum, dengan ancarnan pencemaran atau dengan ancaman akan membuka rahasia, memaksa orang supaya: a. memberikan suatu barang yang sebagial atau seluruhnya milik orang tersebut atau milik orang lain; atau b. memberi utang, membuat pengakuan utang, atau menghapuskan piutang. 10. Ketentuan Pasal 28 diubah sehingga berbunyi sebagai berikut: (1) (21"
UU_ITE_No1_2024,Pasal 28,pasal_internal,Pasal 29,UU_ITE_No1_2024,Pasal 29,True,1,"Setiap Orang dengan sengaja dan/atau mentransmisikan Informasi Elektronik dan/ atau Dokumen Elektronik yang berisi pemberitahuan bohong atau informasi menyesatkan yang mengakibatkan kerugian materiel bagi konsumen dalam Transaksi Elektronik. Setiap Orang dengan sengaja dan tanpa hak mendistribusikan dan/atau mentransmisikan Informasi Elektronik dan/atau Dokumen Elektronik yang sifatnya menghasut, mengajak, atau memengaruhi orang lain sehingga menimbulkan rasa kebencian atau permusuhan terhadap individu dan/atau kelompok masyarakat tertentu berdasarkan ras, kebangsaan, etnis, warna kulit, agama, kepercayaan, jenis kelamin, disabilitas mental, atau disabilitas fisik. (3) Setiap. tr{irEtfirrrrd{n{{n (3) Setiap Orang dengan sengaja menyebarkan Informasi Elektronik dan/atau Dokumen Elektronik yang diketahuinya memuat pemberitahuan bohong yang menimbulkan kerusuhan di masyarakat. 11. Ketentuan Pasal 29 diubah sehingga berbunyi sebagai berikut:"
UU_ITE_No1_2024,Pasal 29,pasal_internal,Pasal 36,UU_ITE_No1_2024,Pasal 36,True,1,Setiap Orang dengan sengaja dan tanpa hak Informasi Elektronik dan/atau Dokumen Elektronik secara langsung kepada korban yang berisi ancam.rn kekerasan dan/ atau menakut- nakuti. 12. Ketentuan Pasal 36 diubah sehingga berbunyi sebagai berikut:
UU_ITE_No1_2024,Pasal 45A,pasal_internal,Pasal 28 ayat (1),UU_ITE_No1_2024,Pasal 28,True,3,"(1) Setiap Orang yang dengan sengaja mendistribusikan dan/atau mentransmisikan Informasi Elektronik dan/atau Dokumen Elektronik yang berisi pemberitahuan bohong informasi menyesatkan yang atau mengakibatkan kerugian materiel bagi konsumen dalam Transaksi Elektronik sebagaimana dimaksud dalam Pasal 28 ayat (1) dipidana dengan pidana penjara paling lama 6 (enam) tahun dan/ atau denda paling banyak Rp1.0O0.0O0.000,00 (satu miliar rupiah). (2) Setiap Orang yang dengan sengaja dan tanpa mendistribusikan hak dan/atau mentransmisikan Informasi Elektronik dan/atau Dokumen Elektronik yang sifatnya menghasut, orang lain mengajak, atau sehingga menimbulkan rasa kebencian atau permusuhan terhadap individu dan/atau kelompok masyarakat tertentu berdasarkan ras, kebangsaan, etnis, warna kulit, agama, kepercayaan, jenis kelamin, disabilitas mental, atau disabilitas frsik sebagaimana dimaksud dalam Pasal 28 ayat (2) dipidana dengan pidana penjara paling lama 6 (enam) tahun dan/ atau denda paling banyak Rp1.0OO.0O0.000,0O (satu miliar rupiah). (3) Setiap. NEPUELIK INDONEISIA (3) Setiap Orang yang dengan sengaja menyebarkan Informasi Elektronik dan/atau Dokumen Elektronik yang diketahuinya memuat pemberitahuan bohong yang menimbulkan kerusuhan di masyarakat sebagaimana dimaksud dalam Pasal 28 ayat (3) dipidana dengan pidana penjara paling lama 6 (enam) tahun dan/ atau denda paling banyak Rp 1.000.O0O.0O0,00 (satu miliar rupiah). 18. Ketentuan Pasal 45B diubah sehingga berbunyi sebagai berikut:"
UU_ITE_No1_2024,Pasal 45A,pasal_internal,Pasal 45B,UU_ITE_No1_2024,Pasal 45B,True,1,"(1) Setiap Orang yang dengan sengaja mendistribusikan dan/atau mentransmisikan Informasi Elektronik dan/atau Dokumen Elektronik yang berisi pemberitahuan bohong informasi menyesatkan yang atau mengakibatkan kerugian materiel bagi konsumen dalam Transaksi Elektronik sebagaimana dimaksud dalam Pasal 28 ayat (1) dipidana dengan pidana penjara paling lama 6 (enam) tahun dan/ atau denda paling banyak Rp1.0O0.0O0.000,00 (satu miliar rupiah). (2) Setiap Orang yang dengan sengaja dan tanpa mendistribusikan hak dan/atau mentransmisikan Informasi Elektronik dan/atau Dokumen Elektronik yang sifatnya menghasut, orang lain mengajak, atau sehingga menimbulkan rasa kebencian atau permusuhan terhadap individu dan/atau kelompok masyarakat tertentu berdasarkan ras, kebangsaan, etnis, warna kulit, agama, kepercayaan, jenis kelamin, disabilitas mental, atau disabilitas frsik sebagaimana dimaksud dalam Pasal 28 ayat (2) dipidana dengan pidana penjara paling lama 6 (enam) tahun dan/ atau denda paling banyak Rp1.0OO.0O0.000,0O (satu miliar rupiah). (3) Setiap. NEPUELIK INDONEISIA (3) Setiap Orang yang dengan sengaja menyebarkan Informasi Elektronik dan/atau Dokumen Elektronik yang diketahuinya memuat pemberitahuan bohong yang menimbulkan kerusuhan di masyarakat sebagaimana dimaksud dalam Pasal 28 ayat (3) dipidana dengan pidana penjara paling lama 6 (enam) tahun dan/ atau denda paling banyak Rp 1.000.O0O.0O0,00 (satu miliar rupiah). 18. Ketentuan Pasal 45B diubah sehingga berbunyi sebagai berikut:"
UU_ITE_No1_2024,Pasal 45B,pasal_internal,Pasal 29,UU_ITE_No1_2024,Pasal 29,True,1,"Setiap Orang yang dengan sengaja dan tanpa hak mengirimkan Informasi Elektronik dan/atau Dokumen Elektronik secara langsung kepada korban yang berisi ancaman kekerasan dan/ atau menakut- nakuti sebagaimana dimaksud dalam Pasal 29 dipidana dengan pidana penjara paling lama 4 (empat) tahun dan/ atau denda paling banyak Rp750.000.000,00 (tqjuh ratus lima puluh juta rupiah). Pasal II 1 2 Pada saat Undang-Undang ini mulai berlaku, ketentuan dalam Pasal 27 ayat (1), Pasal 27A, Pasal. 28 ayat (2), Pasal 28 ayal (3), Pasal 36, Pasal 45 ayat (1), Pasal 45 ayat (2), Pasal 45 ayat (4), Pasal 45 ayat (5), Pasal 45 ayat (6), Pasal 45 ayat (7), Pasal 45A ayat (2), dan Pasal 45A ayat (3) berlaku sampai dengan diberlakukannya Undang-Undang Nomor 1 Tahun 2O23 tentang Kitab Undang-Undang Hukum Pidana (Lembaran Negara Republik Indonesia Tahun 2O23 Nomor 1, Tambahan Lembaran Negara Republik Indonesia Nomor 6842). Undang-Undang ini mulai berlaku pada tanggal diundangkan. Agar. FRESIDEN REPUBUK INDONESIA -2t- Agar setiap orang mengetahuinya, memerintahkan pengundangan Undang-Undang ini dengan penempatannya dalam l,embaran Negara Republik Indonesia. Disahkan di Jakarta pada tanggal 2 Januari2024 , ttd JOKO WIDODO Diundangkan di Jakarta pada tanggal 2 Jarruari 2024 MENTERI SEKRETARIS NEGARA REPUBLIK INDONESIA, ttd PRATIKNO LEMBARAN NEGARA REPUBLIK INDONESIA TAHUN 2024 NOMOR 1 Salinan sesuai dengan aslinya KEMENTERIAN SEKRETARIAT NEGARA REPUBLIK INDONESIA Perundang-undangan dan trasi Hukum, Djaman TI.I JTFIIIilNFIEFI;FIA"
UU_ITE_No1_2024,Pasal 45B,pasal_internal,Pasal 27 ayat (1),UU_ITE_No1_2024,Pasal 27,True,1,"Setiap Orang yang dengan sengaja dan tanpa hak mengirimkan Informasi Elektronik dan/atau Dokumen Elektronik secara langsung kepada korban yang berisi ancaman kekerasan dan/ atau menakut- nakuti sebagaimana dimaksud dalam Pasal 29 dipidana dengan pidana penjara paling lama 4 (empat) tahun dan/ atau denda paling banyak Rp750.000.000,00 (tqjuh ratus lima puluh juta rupiah). Pasal II 1 2 Pada saat Undang-Undang ini mulai berlaku, ketentuan dalam Pasal 27 ayat (1), Pasal 27A, Pasal. 28 ayat (2), Pasal 28 ayal (3), Pasal 36, Pasal 45 ayat (1), Pasal 45 ayat (2), Pasal 45 ayat (4), Pasal 45 ayat (5), Pasal 45 ayat (6), Pasal 45 ayat (7), Pasal 45A ayat (2), dan Pasal 45A ayat (3) berlaku sampai dengan diberlakukannya Undang-Undang Nomor 1 Tahun 2O23 tentang Kitab Undang-Undang Hukum Pidana (Lembaran Negara Republik Indonesia Tahun 2O23 Nomor 1, Tambahan Lembaran Negara Republik Indonesia Nomor 6842). Undang-Undang ini mulai berlaku pada tanggal diundangkan. Agar. FRESIDEN REPUBUK INDONESIA -2t- Agar setiap orang mengetahuinya, memerintahkan pengundangan Undang-Undang ini dengan penempatannya dalam l,embaran Negara Republik Indonesia. Disahkan di Jakarta pada tanggal 2 Januari2024 , ttd JOKO WIDODO Diundangkan di Jakarta pada tanggal 2 Jarruari 2024 MENTERI SEKRETARIS NEGARA REPUBLIK INDONESIA, ttd PRATIKNO LEMBARAN NEGARA REPUBLIK INDONESIA TAHUN 2024 NOMOR 1 Salinan sesuai dengan aslinya KEMENTERIAN SEKRETARIAT NEGARA REPUBLIK INDONESIA Perundang-undangan dan trasi Hukum, Djaman TI.I JTFIIIilNFIEFI;FIA"
UU_ITE_No1_2024,Pasal 45B,pasal_internal,Pasal 27A,UU_ITE_No1_2024,Pasal 27A,False,1,"Setiap Orang yang dengan sengaja dan tanpa hak mengirimkan Informasi Elektronik dan/atau Dokumen Elektronik secara langsung kepada korban yang berisi ancaman kekerasan dan/ atau menakut- nakuti sebagaimana dimaksud dalam Pasal 29 dipidana dengan pidana penjara paling lama 4 (empat) tahun dan/ atau denda paling banyak Rp750.000.000,00 (tqjuh ratus lima puluh juta rupiah). Pasal II 1 2 Pada saat Undang-Undang ini mulai berlaku, ketentuan dalam Pasal 27 ayat (1), Pasal 27A, Pasal. 28 ayat (2), Pasal 28 ayal (3), Pasal 36, Pasal 45 ayat (1), Pasal 45 ayat (2), Pasal 45 ayat (4), Pasal 45 ayat (5), Pasal 45 ayat (6), Pasal 45 ayat (7), Pasal 45A ayat (2), dan Pasal 45A ayat (3) berlaku sampai dengan diberlakukannya Undang-Undang Nomor 1 Tahun 2O23 tentang Kitab Undang-Undang Hukum Pidana (Lembaran Negara Republik Indonesia Tahun 2O23 Nomor 1, Tambahan Lembaran Negara Republik Indonesia Nomor 6842). Undang-Undang ini mulai berlaku pada tanggal diundangkan. Agar. FRESIDEN REPUBUK INDONESIA -2t- Agar setiap orang mengetahuinya, memerintahkan pengundangan Undang-Undang ini dengan penempatannya dalam l,embaran Negara Republik Indonesia. Disahkan di Jakarta pada tanggal 2 Januari2024 , ttd JOKO WIDODO Diundangkan di Jakarta pada tanggal 2 Jarruari 2024 MENTERI SEKRETARIS NEGARA REPUBLIK INDONESIA, ttd PRATIKNO LEMBARAN NEGARA REPUBLIK INDONESIA TAHUN 2024 NOMOR 1 Salinan sesuai dengan aslinya KEMENTERIAN SEKRETARIAT NEGARA REPUBLIK INDONESIA Perundang-undangan dan trasi Hukum, Djaman TI.I JTFIIIilNFIEFI;FIA"
UU_ITE_No1_2024,Pasal 45B,pasal_internal,Pasal 28,UU_ITE_No1_2024,Pasal 28,True,1,"Setiap Orang yang dengan sengaja dan tanpa hak mengirimkan Informasi Elektronik dan/atau Dokumen Elektronik secara langsung kepada korban yang berisi ancaman kekerasan dan/ atau menakut- nakuti sebagaimana dimaksud dalam Pasal 29 dipidana dengan pidana penjara paling lama 4 (empat) tahun dan/ atau denda paling banyak Rp750.000.000,00 (tqjuh ratus lima puluh juta rupiah). Pasal II 1 2 Pada saat Undang-Undang ini mulai berlaku, ketentuan dalam Pasal 27 ayat (1), Pasal 27A, Pasal. 28 ayat (2), Pasal 28 ayal (3), Pasal 36, Pasal 45 ayat (1), Pasal 45 ayat (2), Pasal 45 ayat (4), Pasal 45 ayat (5), Pasal 45 ayat (6), Pasal 45 ayat (7), Pasal 45A ayat (2), dan Pasal 45A ayat (3) berlaku sampai dengan diberlakukannya Undang-Undang Nomor 1 Tahun 2O23 tentang Kitab Undang-Undang Hukum Pidana (Lembaran Negara Republik Indonesia Tahun 2O23 Nomor 1, Tambahan Lembaran Negara Republik Indonesia Nomor 6842). Undang-Undang ini mulai berlaku pada tanggal diundangkan. Agar. FRESIDEN REPUBUK INDONESIA -2t- Agar setiap orang mengetahuinya, memerintahkan pengundangan Undang-Undang ini dengan penempatannya dalam l,embaran Negara Republik Indonesia. Disahkan di Jakarta pada tanggal 2 Januari2024 , ttd JOKO WIDODO Diundangkan di Jakarta pada tanggal 2 Jarruari 2024 MENTERI SEKRETARIS NEGARA REPUBLIK INDONESIA, ttd PRATIKNO LEMBARAN NEGARA REPUBLIK INDONESIA TAHUN 2024 NOMOR 1 Salinan sesuai dengan aslinya KEMENTERIAN SEKRETARIAT NEGARA REPUBLIK INDONESIA Perundang-undangan dan trasi Hukum, Djaman TI.I JTFIIIilNFIEFI;FIA"
UU_ITE_No1_2024,Pasal 45B,pasal_internal,Pasal 36,UU_ITE_No1_2024,Pasal 36,True,1,"Setiap Orang yang dengan sengaja dan tanpa hak mengirimkan Informasi Elektronik dan/atau Dokumen Elektronik secara langsung kepada korban yang berisi ancaman kekerasan dan/ atau menakut- nakuti sebagaimana dimaksud dalam Pasal 29 dipidana dengan pidana penjara paling lama 4 (empat) tahun dan/ atau denda paling banyak Rp750.000.000,00 (tqjuh ratus lima puluh juta rupiah). Pasal II 1 2 Pada saat Undang-Undang ini mulai berlaku, ketentuan dalam Pasal 27 ayat (1), Pasal 27A, Pasal. 28 ayat (2), Pasal 28 ayal (3), Pasal 36, Pasal 45 ayat (1), Pasal 45 ayat (2), Pasal 45 ayat (4), Pasal 45 ayat (5), Pasal 45 ayat (6), Pasal 45 ayat (7), Pasal 45A ayat (2), dan Pasal 45A ayat (3) berlaku sampai dengan diberlakukannya Undang-Undang Nomor 1 Tahun 2O23 tentang Kitab Undang-Undang Hukum Pidana (Lembaran Negara Republik Indonesia Tahun 2O23 Nomor 1, Tambahan Lembaran Negara Republik Indonesia Nomor 6842). Undang-Undang ini mulai berlaku pada tanggal diundangkan. Agar. FRESIDEN REPUBUK INDONESIA -2t- Agar setiap orang mengetahuinya, memerintahkan pengundangan Undang-Undang ini dengan penempatannya dalam l,embaran Negara Republik Indonesia. Disahkan di Jakarta pada tanggal 2 Januari2024 , ttd JOKO WIDODO Diundangkan di Jakarta pada tanggal 2 Jarruari 2024 MENTERI SEKRETARIS NEGARA REPUBLIK INDONESIA, ttd PRATIKNO LEMBARAN NEGARA REPUBLIK INDONESIA TAHUN 2024 NOMOR 1 Salinan sesuai dengan aslinya KEMENTERIAN SEKRETARIAT NEGARA REPUBLIK INDONESIA Perundang-undangan dan trasi Hukum, Djaman TI.I JTFIIIilNFIEFI;FIA"
UU_ITE_No1_2024,Pasal 45B,pasal_internal,Pasal 45 ayat (1),UU_ITE_No1_2024,Pasal 45,True,6,"Setiap Orang yang dengan sengaja dan tanpa hak mengirimkan Informasi Elektronik dan/atau Dokumen Elektronik secara langsung kepada korban yang berisi ancaman kekerasan dan/ atau menakut- nakuti sebagaimana dimaksud dalam Pasal 29 dipidana dengan pidana penjara paling lama 4 (empat) tahun dan/ atau denda paling banyak Rp750.000.000,00 (tqjuh ratus lima puluh juta rupiah). Pasal II 1 2 Pada saat Undang-Undang ini mulai berlaku, ketentuan dalam Pasal 27 ayat (1), Pasal 27A, Pasal. 28 ayat (2), Pasal 28 ayal (3), Pasal 36, Pasal 45 ayat (1), Pasal 45 ayat (2), Pasal 45 ayat (4), Pasal 45 ayat (5), Pasal 45 ayat (6), Pasal 45 ayat (7), Pasal 45A ayat (2), dan Pasal 45A ayat (3) berlaku sampai dengan diberlakukannya Undang-Undang Nomor 1 Tahun 2O23 tentang Kitab Undang-Undang Hukum Pidana (Lembaran Negara Republik Indonesia Tahun 2O23 Nomor 1, Tambahan Lembaran Negara Republik Indonesia Nomor 6842). Undang-Undang ini mulai berlaku pada tanggal diundangkan. Agar. FRESIDEN REPUBUK INDONESIA -2t- Agar setiap orang mengetahuinya, memerintahkan pengundangan Undang-Undang ini dengan penempatannya dalam l,embaran Negara Republik Indonesia. Disahkan di Jakarta pada tanggal 2 Januari2024 , ttd JOKO WIDODO Diundangkan di Jakarta pada tanggal 2 Jarruari 2024 MENTERI SEKRETARIS NEGARA REPUBLIK INDONESIA, ttd PRATIKNO LEMBARAN NEGARA REPUBLIK INDONESIA TAHUN 2024 NOMOR 1 Salinan sesuai dengan aslinya KEMENTERIAN SEKRETARIAT NEGARA REPUBLIK INDONESIA Perundang-undangan dan trasi Hukum, Djaman TI.I JTFIIIilNFIEFI;FIA"
UU_ITE_No1_2024,Pasal 45B,pasal_internal,Pasal 45A ayat (2),UU_ITE_No1_2024,Pasal 45A,True,2,"Setiap Orang yang dengan sengaja dan tanpa hak mengirimkan Informasi Elektronik dan/atau Dokumen Elektronik secara langsung kepada korban yang berisi ancaman kekerasan dan/ atau menakut- nakuti sebagaimana dimaksud dalam Pasal 29 dipidana dengan pidana penjara paling lama 4 (empat) tahun dan/ atau denda paling banyak Rp750.000.000,00 (tqjuh ratus lima puluh juta rupiah). Pasal II 1 2 Pada saat Undang-Undang ini mulai berlaku, ketentuan dalam Pasal 27 ayat (1), Pasal 27A, Pasal. 28 ayat (2), Pasal 28 ayal (3), Pasal 36, Pasal 45 ayat (1), Pasal 45 ayat (2), Pasal 45 ayat (4), Pasal 45 ayat (5), Pasal 45 ayat (6), Pasal 45 ayat (7), Pasal 45A ayat (2), dan Pasal 45A ayat (3) berlaku sampai dengan diberlakukannya Undang-Undang Nomor 1 Tahun 2O23 tentang Kitab Undang-Undang Hukum Pidana (Lembaran Negara Republik Indonesia Tahun 2O23 Nomor 1, Tambahan Lembaran Negara Republik Indonesia Nomor 6842). Undang-Undang ini mulai berlaku pada tanggal diundangkan. Agar. FRESIDEN REPUBUK INDONESIA -2t- Agar setiap orang mengetahuinya, memerintahkan pengundangan Undang-Undang ini dengan penempatannya dalam l,embaran Negara Republik Indonesia. Disahkan di Jakarta pada tanggal 2 Januari2024 , ttd JOKO WIDODO Diundangkan di Jakarta pada tanggal 2 Jarruari 2024 MENTERI SEKRETARIS NEGARA REPUBLIK INDONESIA, ttd PRATIKNO LEMBARAN NEGARA REPUBLIK INDONESIA TAHUN 2024 NOMOR 1 Salinan sesuai dengan aslinya KEMENTERIAN SEKRETARIAT NEGARA REPUBLIK INDONESIA Perundang-undangan dan trasi Hukum, Djaman TI.I JTFIIIilNFIEFI;FIA"
UU_ITE_No1_2024,Pembukaan,named,UUD 1945,,,False,1,"Mengingat:. A Mengingat T{IItrtrIXNItrIIFEIn -2 1 2 Pasal 5 ayat (1), Pasal 20, Pasal 28D ayat (1), Pasal 28E, Pasal 28F, Pasal 28G ayat (1), Pasal 281, dan Pasal 28J Undang-Undang Dasar Negara Republik Indonesia Tahun 1945; Undang-Undang Nomor 11 Tahun 2008 tentang Informasi dan Transaksi Elektronik (Lembaran Negara Republik Indonesia Tahun 2008 Nomor 58, Tambahan Lembaran Negara Republik Indonesia Nomor 4843) sebagaimana telah diubah dengan Undang-Undang Nomor 19 Tahun 2016 tentang Perubahan atas Undang-Undang Nomor 11 Tahun 2O08 tentang Informasi dan Transaksi Elektronik (Lembaran Negara Republik Indonesia Tahun 2016 Nomor 25L, Tambahan Lembaran Negara Republik Indonesia Nomor 5952); Dengan Persetujuan Bersama DEWAN PERWAKILAN RAKYAT REPUBLIK INDONESIA dan"
UU_ITE_No1_2024,Pembukaan,pasal_external,Pasal 5 ayat (1),,Pasal 5,False,1,"Mengingat:. A Mengingat T{IItrtrIXNItrIIFEIn -2 1 2 Pasal 5 ayat (1), Pasal 20, Pasal 28D ayat (1), Pasal 28E, Pasal 28F, Pasal 28G ayat (1), Pasal 281, dan Pasal 28J Undang-Undang Dasar Negara Republik Indonesia Tahun 1945; Undang-Undang Nomor 11 Tahun 2008 tentang Informasi dan Transaksi Elektronik (Lembaran Negara Republik Indonesia Tahun 2008 Nomor 58, Tambahan Lembaran Negara Republik Indonesia Nomor 4843) sebagaimana telah diubah dengan Undang-Undang Nomor 19 Tahun 2016 tentang Perubahan atas Undang-Undang Nomor 11 Tahun 2O08 tentang Informasi dan Transaksi Elektronik (Lembaran Negara Republik Indonesia Tahun 2016 Nomor 25L, Tambahan Lembaran Negara Republik Indonesia Nomor 5952); Dengan Persetujuan Bersama DEWAN PERWAKILAN RAKYAT REPUBLIK INDONESIA dan"
UU_ITE_No1_2024,Pembukaan,pasal_external,Pasal 20,,Pasal 20,False,1,"Mengingat:. A Mengingat T{IItrtrIXNItrIIFEIn -2 1 2 Pasal 5 ayat (1), Pasal 20, Pasal 28D ayat (1), Pasal 28E, Pasal 28F, Pasal 28G ayat (1), Pasal 281, dan Pasal 28J Undang-Undang Dasar Negara Republik Indonesia Tahun 1945; Undang-Undang Nomor 11 Tahun 2008 tentang Informasi dan Transaksi Elektronik (Lembaran Negara Republik Indonesia Tahun 2008 Nomor 58, Tambahan Lembaran Negara Republik Indonesia Nomor 4843) sebagaimana telah diubah dengan Undang-Undang Nomor 19 Tahun 2016 tentang Perubahan atas Undang-Undang Nomor 11 Tahun 2O08 tentang Informasi dan Transaksi Elektronik (Lembaran Negara Republik Indonesia Tahun 2016 Nomor 25L, Tambahan Lembaran Negara Republik Indonesia Nomor 5952); Dengan Persetujuan Bersama DEWAN PERWAKILAN RAKYAT REPUBLIK INDONESIA dan"
UU_ITE_No1_2024,Pembukaan,pasal_external,Pasal 28D ayat (1),,Pasal 28D,False,1,"Mengingat:. A Mengingat T{IItrtrIXNItrIIFEIn -2 1 2 Pasal 5 ayat (1), Pasal 20, Pasal 28D ayat (1), Pasal 28E, Pasal 28F, Pasal 28G ayat (1), Pasal 281, dan Pasal 28J Undang-Undang Dasar Negara Republik Indonesia Tahun 1945; Undang-Undang Nomor 11 Tahun 2008 tentang Informasi dan Transaksi Elektronik (Lembaran Negara Republik Indonesia Tahun 2008 Nomor 58, Tambahan Lembaran Negara Republik Indonesia Nomor 4843) sebagaimana telah diubah dengan Undang-Undang Nomor 19 Tahun 2016 tentang Perubahan atas Undang-Undang Nomor 11 Tahun 2O08 tentang Informasi dan Transaksi Elektronik (Lembaran Negara Republik Indonesia Tahun 2016 Nomor 25L, Tambahan Lembaran Negara Republik Indonesia Nomor 5952); Dengan Persetujuan Bersama DEWAN PERWAKILAN RAKYAT REPUBLIK INDONESIA dan"
UU_ITE_No1_2024,Pembukaan,pasal_external,Pasal 28E,,Pasal 28E,False,1,"Mengingat:. A Mengingat T{IItrtrIXNItrIIFEIn -2 1 2 Pasal 5 ayat (1), Pasal 20, Pasal 28D ayat (1), Pasal 28E, Pasal 28F, Pasal 28G ayat (1), Pasal 281, dan Pasal 28J Undang-Undang Dasar Negara Republik Indonesia Tahun 1945; Undang-Undang Nomor 11 Tahun 2008 tentang Informasi dan Transaksi Elektronik (Lembaran Negara Republik Indonesia Tahun 2008 Nomor 58, Tambahan Lembaran Negara Republik Indonesia Nomor 4843) sebagaimana telah diubah dengan Undang-Undang Nomor 19 Tahun 2016 tentang Perubahan atas Undang-Undang Nomor 11 Tahun 2O08 tentang Informasi dan Transaksi Elektronik (Lembaran Negara Republik Indonesia Tahun 2016 Nomor 25L, Tambahan Lembaran Negara Republik Indonesia Nomor 5952); Dengan Persetujuan Bersama DEWAN PERWAKILAN RAKYAT REPUBLIK INDONESIA dan"
UU_ITE_No1_2024,Pembukaan,pasal_external,Pasal 28F,,Pasal 28F,False,1,"Mengingat:. A Mengingat T{IItrtrIXNItrIIFEIn -2 1 2 Pasal 5 ayat (1), Pasal 20, Pasal 28D ayat (1), Pasal 28E, Pasal 28F, Pasal 28G ayat (1), Pasal 281, dan Pasal 28J Undang-Undang Dasar Negara Republik Indonesia Tahun 1945; Undang-Undang Nomor 11 Tahun 2008 tentang Informasi dan Transaksi Elektronik (Lembaran Negara Republik Indonesia Tahun 2008 Nomor 58, Tambahan Lembaran Negara Republik Indonesia Nomor 4843) sebagaimana telah diubah dengan Undang-Undang Nomor 19 Tahun 2016 tentang Perubahan atas Undang-Undang Nomor 11 Tahun 2O08 tentang Informasi dan Transaksi Elektronik (Lembaran Negara Republik Indonesia Tahun 2016 Nomor 25L, Tambahan Lembaran Negara Republik Indonesia Nomor 5952); Dengan Persetujuan Bersama DEWAN PERWAKILAN RAKYAT REPUBLIK INDONESIA dan"
UU_ITE_No1_2024,Pembukaan,pasal_external,Pasal 28G ayat (1),,Pasal 28G,False,1,"Mengingat:. A Mengingat T{IItrtrIXNItrIIFEIn -2 1 2 Pasal 5 ayat (1), Pasal 20, Pasal 28D ayat (1), Pasal 28E, Pasal 28F, Pasal 28G ayat (1), Pasal 281, dan Pasal 28J Undang-Undang Dasar Negara Republik Indonesia Tahun 1945; Undang-Undang Nomor 11 Tahun 2008 tentang Informasi dan Transaksi Elektronik (Lembaran Negara Republik Indonesia Tahun 2008 Nomor 58, Tambahan Lembaran Negara Republik Indonesia Nomor 4843) sebagaimana telah diubah dengan Undang-Undang Nomor 19 Tahun 2016 tentang Perubahan atas Undang-Undang Nomor 11 Tahun 2O08 tentang Informasi dan Transaksi Elektronik (Lembaran Negara Republik Indonesia Tahun 2016 Nomor 25L, Tambahan Lembaran Negara Republik Indonesia Nomor 5952); Dengan Persetujuan Bersama DEWAN PERWAKILAN RAKYAT REPUBLIK INDONESIA dan"
UU_ITE_No1_2024,Pembukaan,pasal_external,Pasal 281,,Pasal 281,False,1,"Mengingat:. A Mengingat T{IItrtrIXNItrIIFEIn -2 1 2 Pasal 5 ayat (1), Pasal 20, Pasal 28D ayat (1), Pasal 28E, Pasal 28F, Pasal 28G ayat (1), Pasal 281, dan Pasal 28J Undang-Undang Dasar Negara Republik Indonesia Tahun 1945; Undang-Undang Nomor 11 Tahun 2008 tentang Informasi dan Transaksi Elektronik (Lembaran Negara Republik Indonesia Tahun 2008 Nomor 58, Tambahan Lembaran Negara Republik Indonesia Nomor 4843) sebagaimana telah diubah dengan Undang-Undang Nomor 19 Tahun 2016 tentang Perubahan atas Undang-Undang Nomor 11 Tahun 2O08 tentang Informasi dan Transaksi Elektronik (Lembaran Negara Republik Indonesia Tahun 2016 Nomor 25L, Tambahan Lembaran Negara Republik Indonesia Nomor 5952); Dengan Persetujuan Bersama DEWAN PERWAKILAN RAKYAT REPUBLIK INDONESIA dan"
UU_ITE_No1_2024,Pembukaan,pasal_external,Pasal 28J UUD 1945,,Pasal 28J,False,1,"Mengingat:. A Mengingat T{IItrtrIXNItrIIFEIn -2 1 2 Pasal 5 ayat (1), Pasal 20, Pasal 28D ayat (1), Pasal 28E, Pasal 28F, Pasal 28G ayat (1), Pasal 281, dan Pasal 28J Undang-Undang Dasar Negara Republik Indonesia Tahun 1945; Undang-Undang Nomor 11 Tahun 2008 tentang Informasi dan Transaksi Elektronik (Lembaran Negara Republik Indonesia Tahun 2008 Nomor 58, Tambahan Lembaran Negara Republik Indonesia Nomor 4843) sebagaimana telah diubah dengan Undang-Undang Nomor 19 Tahun 2016 tentang Perubahan atas Undang-Undang Nomor 11 Tahun 2O08 tentang Informasi dan Transaksi Elektronik (Lembaran Negara Republik Indonesia Tahun 2016 Nomor 25L, Tambahan Lembaran Negara Republik Indonesia Nomor 5952); Dengan Persetujuan Bersama DEWAN PERWAKILAN RAKYAT REPUBLIK INDONESIA dan"
UU_ITE_No1_2024,Pembukaan,regulation,UU 11/2008,UU_ITE_No19_2016,,True,1,"Mengingat:. A Mengingat T{IItrtrIXNItrIIFEIn -2 1 2 Pasal 5 ayat (1), Pasal 20, Pasal 28D ayat (1), Pasal 28E, Pasal 28F, Pasal 28G ayat (1), Pasal 281, dan Pasal 28J Undang-Undang Dasar Negara Republik Indonesia Tahun 1945; Undang-Undang Nomor 11 Tahun 2008 tentang Informasi dan Transaksi Elektronik (Lembaran Negara Republik Indonesia Tahun 2008 Nomor 58, Tambahan Lembaran Negara Republik Indonesia Nomor 4843) sebagaimana telah diubah dengan Undang-Undang Nomor 19 Tahun 2016 tentang Perubahan atas Undang-Undang Nomor 11 Tahun 2O08 tentang Informasi dan Transaksi Elektronik (Lembaran Negara Republik Indonesia Tahun 2016 Nomor 25L, Tambahan Lembaran Negara Republik Indonesia Nomor 5952); Dengan Persetujuan Bersama DEWAN PERWAKILAN RAKYAT REPUBLIK INDONESIA dan"
UU_PDP_No27_2022,Pasal 14,pasal_internal,Pasal 6,UU_PDP_No27_2022,Pasal 6,True,1,Pelaksanaan hak Subjek Data Pribadi sebagaimana dimaksud dalam Pasal 6 sampai dengan Pasal 11 diajukan melalui permohonan tercatat yang disampaikan secara elektronik atau nonelektronik kepada Pengendali Data Pribadi.
UU_PDP_No27_2022,Pasal 14,pasal_internal,Pasal 11,UU_PDP_No27_2022,Pasal 11,True,1,Pelaksanaan hak Subjek Data Pribadi sebagaimana dimaksud dalam Pasal 6 sampai dengan Pasal 11 diajukan melalui permohonan tercatat yang disampaikan secara elektronik atau nonelektronik kepada Pengendali Data Pribadi.
UU_PDP_No27_2022,Pasal 15,pasal_internal,Pasal 8,UU_PDP_No27_2022,Pasal 8,True,1,"(1) Hak-hak Subjek Data Pribadi sebagaimana dimaksud dalam Pasal 8, Pasal 9, Pasal 10 ayat (1), Pasal 11, dan"
UU_PDP_No27_2022,Pasal 15,pasal_internal,Pasal 9,UU_PDP_No27_2022,Pasal 9,True,1,"(1) Hak-hak Subjek Data Pribadi sebagaimana dimaksud dalam Pasal 8, Pasal 9, Pasal 10 ayat (1), Pasal 11, dan"
UU_PDP_No27_2022,Pasal 15,pasal_internal,Pasal 10 ayat (1),UU_PDP_No27_2022,Pasal 10,True,1,"(1) Hak-hak Subjek Data Pribadi sebagaimana dimaksud dalam Pasal 8, Pasal 9, Pasal 10 ayat (1), Pasal 11, dan"
UU_PDP_No27_2022,Pasal 15,pasal_internal,Pasal 11,UU_PDP_No27_2022,Pasal 11,True,1,"(1) Hak-hak Subjek Data Pribadi sebagaimana dimaksud dalam Pasal 8, Pasal 9, Pasal 10 ayat (1), Pasal 11, dan"
UU_PDP_No27_2022,Pasal 21,pasal_internal,Pasal 20,UU_PDP_No27_2022,Pasal 20,True,1,"(1) Dalam hal pemrosesan Data Pribadi berdasarkan persetujuan sebagaimana dimaksud dalam Pasal 20 ayat (21 huruf a, Pengendali Data Pribadi wajib menyampaikan Informasi mengenai: a. legalitas dari pemrosesan Data Pribadi; b. tujuan pemrosesan Data Pribadi; c. jenis dan relevansi Data Pribadi yang akan diproses; d. jangka waktu retensi dokumen yang memuat Data Pribadi; e. rincian mengenai Informasi yang f. jangka waktu pemrosesan Data Pribadi; dan C. hak Subjek Data Pribadi. (2) Dalam. PRESIEIEN REPUBLIK INOONESIA -t2- (2) Dalam hal terdapat perubahan Informasi sebagaimana dimaksud pada ayat (1), Pengendali Data Pribadi wajib . memberitahukan kepada Subjek Data Pribadi sebelum terjadi perubahan Informasi. Pasa722 (1) Persetujuan pemrosesan Data Pribadi dilakukan melalui persetujuan tertulis atau terekam. (2) Persetqiuan sebagaimana dimaksud pada ayat (1) dapat disampaikan secara elektronik atau nonelektronik. (3) Persetqjuan sebagaimana dimaksud pada ayat (1) mempunyai kekuatan hukum yang sama. (4). Dalam hal persetqluan sebagaimana dimaksud pada ayat (1) memuat tujuan lain, permintaan persetqjuan harus memenuhi ketentuan: a. dapat dibedakan secara jelas dengan hal lainnya; b. dibuat dengan forrnat yang dapat dipahami dan mudah diakses; dan c. menggunalan bahasa yang sederhana dan jelas. (5) Persetqjuan yang tidak memenuhi ketentuan sebagaimana dimaksud pada ayat (1) dan ayat (4) dinyatakan batal demi hukum. '"
UU_PDP_No27_2022,Pasal 50,pasal_internal,Pasal 30,UU_PDP_No27_2022,Pasal 30,True,1,"(1) Kewajiban Pengendali Data Pribadi sebagaimana dimaksud dalam Pasal 30, Pasal 32, Pasal 36, PasaJ42,"
UU_PDP_No27_2022,Pasal 50,pasal_internal,Pasal 32,UU_PDP_No27_2022,Pasal 32,True,1,"(1) Kewajiban Pengendali Data Pribadi sebagaimana dimaksud dalam Pasal 30, Pasal 32, Pasal 36, PasaJ42,"
UU_PDP_No27_2022,Pasal 50,pasal_internal,Pasal 36,UU_PDP_No27_2022,Pasal 36,True,1,"(1) Kewajiban Pengendali Data Pribadi sebagaimana dimaksud dalam Pasal 30, Pasal 32, Pasal 36, PasaJ42,"
UU_PDP_No27_2022,Pasal 52,pasal_internal,Pasal 29,UU_PDP_No27_2022,Pasal 29,True,1,"Ketentuan mengenai kewajiban Pengendali Data Pribadi sebagaimana dimaksud dalam Pasal 29, Pasal 31,"
UU_PDP_No27_2022,Pasal 52,pasal_internal,Pasal 31,UU_PDP_No27_2022,Pasal 31,True,1,"Ketentuan mengenai kewajiban Pengendali Data Pribadi sebagaimana dimaksud dalam Pasal 29, Pasal 31,"
UU_PDP_No27_2022,Pasal 57,pasal_internal,Pasal 20,UU_PDP_No27_2022,Pasal 20,True,1,"(1) Pelanggaran terhadap ketentuan Pasal 20 ayat (l), ' Pasal 21, Pasal 24, Pasal 25 ayat (2), Pasal 26ayat(31,"
UU_PDP_No27_2022,Pasal 57,pasal_internal,Pasal 21,UU_PDP_No27_2022,Pasal 21,True,1,"(1) Pelanggaran terhadap ketentuan Pasal 20 ayat (l), ' Pasal 21, Pasal 24, Pasal 25 ayat (2), Pasal 26ayat(31,"
UU_PDP_No27_2022,Pasal 57,pasal_internal,Pasal 24,UU_PDP_No27_2022,Pasal 24,True,1,"(1) Pelanggaran terhadap ketentuan Pasal 20 ayat (l), ' Pasal 21, Pasal 24, Pasal 25 ayat (2), Pasal 26ayat(31,"
UU_PDP_No27_2022,Pasal 57,pasal_internal,Pasal 25 ayat (2),UU_PDP_No27_2022,Pasal 25,True,1,"(1) Pelanggaran terhadap ketentuan Pasal 20 ayat (l), ' Pasal 21, Pasal 24, Pasal 25 ayat (2), Pasal 26ayat(31,"
UU_PDP_No27_2022,Pasal 57,pasal_internal,Pasal 26a,UU_PDP_No27_2022,Pasal 26a,False,1,"(1) Pelanggaran terhadap ketentuan Pasal 20 ayat (l), ' Pasal 21, Pasal 24, Pasal 25 ayat (2), Pasal 26ayat(31,"
UU_PDP_No27_2022,Pasal 60,pasal_internal,Pasal 58 ayat (2),UU_PDP_No27_2022,Pasal 58,True,1,"Lembaga sebagaimana dimaksud dalam Pasal 58 ayat (2) berwenang: a.. merumuskan dan menetapkan kebijakan di bidang Pelindungan Data Pribadi; b. melakukan. A b. melakukan pengawasan terhadap kepatuhan Pengendali Data Pribadi; c. menjatuhkan sanksi administratif atas pelanggaran Pelindungan Data Pribadi yang dilakukan Pengendali Data Pribadi dan/atau Prosesor Data Pribadi; d. membantu aparat penegak hukum dalam penanganan dugaan tindak pidana Data Pribadi sebagaimana dimaksud dalam Undang-Undang ini; e. bekerja sama dengan lembaga Pelindungan Data Pribadi negara lain dalam rangka penyelesaian dugaan . pelanggaran Pelindungan Data Pribadi lintas negara; f. melakukan penilaian terhadap pemenuhan persyaratan transfer Data Pribadi ke luar wilayah hukum Negara Republik Indonesia; g. memberikan perintah dalam rangka tindak hasil pengawasan kepada Pengendali Data Pribadi dan/ atau Prosesor Data Pribadi; h. melakukan publikasi hasil pelaksanaan pengawasan Pelindungan Data Pribadi sesuai dengan ketentuan peraturan perundang-undangan ; i. menerima aduan dan/atau laporan tentang dugaan terjadinya pelanggaran Pelindungan Data Pribadi; j. melakukan atas pengaduan, laporan, dan/atau hasil pengawasan terhadap dugaan terjadinya pelanggaran Pelindungan Data Pribadi; dan k. memanggil dan menghadirkan Setiap Orang dan/ atau Badan Publik yang terkait dengan dugaan pelanggaran Pelindungan Data Pribadi; l. meminta keterangan, data, Informasi, dan dokumen dari Setiap Orang dan/ atau Badan Publik terkait dugaan pelanggaran Pelindungan Data Pri"
UU_PDP_No27_2022,Pasal 67,pasal_internal,Pasal 65 ayat (1),UU_PDP_No27_2022,Pasal 65,True,3,"(1) Setiap Orang yang dengan sengaja dan melawan hukum memperoleh atau mengumpulkan Data Pribadi yang bukan mililoeya dengan maksud untuk menguntungkan diri sendiri atau orang lain yang dapat mengakibatkan kerugian Subjek Data Pribadi sebagaimana dimaksud dalam Pasal 65 ayat (1) dipidana dengan pidana penjara paling lama 5 (lima) tahun dan/atau pidana denda paling banyak Rp5.000.000.000,00 (lima miliar rupiah). (2) Setiap Orang yang dengan sengaja dan melawan hukum mengunglapkan Data Pribadi yang bukan miliknya sebagaimana dimaksud dalam Pasal 65 ayat (2) dipidana dengan pidana penjara paling lama 4 (empat) tahun dan/atau pidana denda paling banyak Rp4.000.000.000,00 (empat miliar rupiah). (3) Setiap Orang yang dengan senqaja dan melawan hukum menggunakan Data Pribadi yang bukan miliknya sebagaimana dimaksud dalam Pasal 65 ayat (3) dipidana dengan pidana penjara paling lama 5 (lima) tahun dan/atau pidana denda paling banyak Rp5.00O.OOO.000,00 (lima miliar rupiah)."
UU_PDP_No27_2022,Pasal 68,pasal_internal,Pasal 66,UU_PDP_No27_2022,Pasal 66,True,1,"Setiap Orang yang dengan sengaja membuat Data Pribadi palsu atau memalsukan Data Pribadi dengan maksud untuk menguntrrngkan diri sendiri atau orang lain yang dapat mengakibatkan kerugian bagi orang lain sebagaimana dimaksud dalam Pasal 66 .tipidana dengan pidana penjara paling tama 6 (enam) tahun dan/atau pidana denda paling banyak Rp6.0OO. 000.000,00 (enam miliar rupiah)."
UU_PDP_No27_2022,Pasal 70,pasal_internal,Pasal 67,UU_PDP_No27_2022,Pasal 67,True,1,"(1) Dafam hal tindak pidana sebagaimana dimaksud dalam Pasal 67 dan Pasal 68 dilakukan oleh Korporasi, pidana dapat dljatuhkan kepada pengurus, pemegang kendali, pemberi perintah, pemilik manfaat, dan/ atau Korporasi. (2) Pidana yang dapat djatuhkan terhadap Korporasi hanya pidana denda. (3) Pidana denda yang dijatuhkan kepada Korporasi paling banyak 10 (sepuluh) kali dari maksimal pidana denda yang diancamkan. (4) Selain dijatuhi pidana denda sebagaimana dimaksud pada ayat (2), Korporasi dapat dijatuhi pidana ' tambahan berupa: a. perampasan keuntungan dan/ atau harta kekayaan yang diperoleh atau hasil dari tindak pidana; b. pembekuan seluruh atau sebagian usaha Korporasi; c. pelarangan permanen melakukan perbuatan tertentu; d. penutupan seluruh atau sebagian tempat usaha dan/ atau kegiatan Korporasi; e. melaksanakan kewajiban yang telah dilalaikan; f. pembayaran ganti kerugian; g. pencabutan izin; dan/atala h. pembubaranKorporasi."
UU_PDP_No27_2022,Pasal 70,pasal_internal,Pasal 68,UU_PDP_No27_2022,Pasal 68,True,1,"(1) Dafam hal tindak pidana sebagaimana dimaksud dalam Pasal 67 dan Pasal 68 dilakukan oleh Korporasi, pidana dapat dljatuhkan kepada pengurus, pemegang kendali, pemberi perintah, pemilik manfaat, dan/ atau Korporasi. (2) Pidana yang dapat djatuhkan terhadap Korporasi hanya pidana denda. (3) Pidana denda yang dijatuhkan kepada Korporasi paling banyak 10 (sepuluh) kali dari maksimal pidana denda yang diancamkan. (4) Selain dijatuhi pidana denda sebagaimana dimaksud pada ayat (2), Korporasi dapat dijatuhi pidana ' tambahan berupa: a. perampasan keuntungan dan/ atau harta kekayaan yang diperoleh atau hasil dari tindak pidana; b. pembekuan seluruh atau sebagian usaha Korporasi; c. pelarangan permanen melakukan perbuatan tertentu; d. penutupan seluruh atau sebagian tempat usaha dan/ atau kegiatan Korporasi; e. melaksanakan kewajiban yang telah dilalaikan; f. pembayaran ganti kerugian; g. pencabutan izin; dan/atala h. pembubaranKorporasi."
UU_PDP_No27_2022,Pasal 73,pasal_internal,Pasal 7L,UU_PDP_No27_2022,Pasal 71,True,1,Ketentuan sebagaimana dimaksud dalam Pasal 7L dan Pdsal 72 juga berlaku dalam hal penjatuhan pidana tambahan berupa pembayaran ganti kerugian. BAB XV KETENTUAN PERALIHAN
WHO_Ethics_and_Governance_of_AI_for_Health,Bagian 13,named,Sustainable Development Goals (2030 Agenda),,,False,2,"that new technologies hold in the health sector and beyond. In order to harness the power of science and innovation, WHO’s Science Division was created in 2019 to support Member States in achieving the health-related Sustainable Development Goals (SDGs) and emergency preparedness and response. The Division provides global leadership in translating the latest in science, evidence, innovation, and digital solutions to improve health and health equity for all. This is in keeping with WHO’s 13th Programme of Work (2019-2023) which stipulates that “…WHO’s normative guidance will be informed by developments at the frontier of new scientific disciplines such as genomics, epigenetics, gene editing, artificial intelligence, and big data, all of which pose transformational opportunities but also risks to global health.” Artificial intelligence (AI) has enormous potential for strengthening the delivery of health care and medicine and helping all countries achieve universal health coverage. This includes improved diagnosis"
WHO_Ethics_and_Governance_of_AI_for_Health,Bagian 48,named,Sustainable Development Goals (2030 Agenda),,,False,1,"Digital technologies and artificial intelligence (AI), particularly machine learning, are transforming medicine, medical research and public health. Technologies based on AI are now used in health services in countries of the Organization for Economic Co-operation and Development (OECD), and its utility is being assessed in low- and middle-income countries (LMIC). The United Nations Secretary-General has stated that safe deployment of new technologies, including AI, can help the world to achieve the United Nations Sustainable Development Goals (1), which would include the health- related objectives under Sustainable Development Goal 3. AI could also help to meet global commitments to achieve universal health coverage."
WHO_Ethics_and_Governance_of_AI_for_Health,Bagian 52,named,Universal Declaration of Human Rights,,,False,1,"The Universal Declaration of Human Rights, which includes pillars of patient rights such as dignity, privacy, confidentiality and informed consent, might be dramatically redefined or undermined as digital technologies take hold and expand. The performance of AI depends (among other factors) on the nature, type and volume of data and associated information and the conditions under which such data were gathered. The pursuit of data, whether by government or companies, could undermine privacy and autonomy at the service of government or private surveillance or commercial profit. If privacy and autonomy are not assured, the resulting limitation of the ability to exercise the full range of human rights, including civil and political rights (such as freedom of movement and expression) and social and economic rights (such as access to health care and education), might have a wider impact."
WHO_Ethics_and_Governance_of_AI_for_Health,Bagian 60,named,OECD AI Principles,OECD_AI_Principles_2024,,True,1,"“Artificial intelligence” generally refers to the performance by computer programs of tasks that are commonly associated with intelligent beings. The basis of AI is algorithms, which are translated into computer code that carries instructions for rapid analysis and transformation of data into conclusions, information or other outputs. Enormous quantities of data and the capacity to analyse such data rapidly fuel AI (3). A specific definition of AI in a recommendation of the Council on Artificial Intelligence of the OECD (4) states: An AI system is a machine-based system that can, for a given set of human-defined objectives, make predictions, recommendations, or decisions influencing real or virtual environments. AI systems are designed to operate with varying levels of autonomy."
